Time,THERMAL ZONE 1:CHICAGO MIDWAY AP ANN HTG 99.6% CONDNS DB:Des Heat Load [W],THERMAL ZONE 1:CHICAGO MIDWAY AP ANN CLG .4% CONDNS DB=>MWB:Des Sens Cool Load [W],THERMAL ZONE 1:CHICAGO MIDWAY AP ANN HTG 99.6% CONDNS DB:Des Heat Mass Flow [kg/s],THERMAL ZONE 1:CHICAGO MIDWAY AP ANN CLG .4% CONDNS DB=>MWB:Des Cool Mass Flow [kg/s],THERMAL ZONE 10:CHICAGO MIDWAY AP ANN HTG 99.6% CONDNS DB:Des Heat Load [W],THERMAL ZONE 10:CHICAGO MIDWAY AP ANN CLG .4% CONDNS DB=>MWB:Des Sens Cool Load [W],THERMAL ZONE 10:CHICAGO MIDWAY AP ANN HTG 99.6% CONDNS DB:Des Heat Mass Flow [kg/s],THERMAL ZONE 10:CHICAGO MIDWAY AP ANN CLG .4% CONDNS DB=>MWB:Des Cool Mass Flow [kg/s],THERMAL ZONE 11:CHICAGO MIDWAY AP ANN HTG 99.6% CONDNS DB:Des Heat Load [W],THERMAL ZONE 11:CHICAGO MIDWAY AP ANN CLG .4% CONDNS DB=>MWB:Des Sens Cool Load [W],THERMAL ZONE 11:CHICAGO MIDWAY AP ANN HTG 99.6% CONDNS DB:Des Heat Mass Flow [kg/s],THERMAL ZONE 11:CHICAGO MIDWAY AP ANN CLG .4% CONDNS DB=>MWB:Des Cool Mass Flow [kg/s],THERMAL ZONE 3:CHICAGO MIDWAY AP ANN HTG 99.6% CONDNS DB:Des Heat Load [W],THERMAL ZONE 3:CHICAGO MIDWAY AP ANN CLG .4% CONDNS DB=>MWB:Des Sens Cool Load [W],THERMAL ZONE 3:CHICAGO MIDWAY AP ANN HTG 99.6% CONDNS DB:Des Heat Mass Flow [kg/s],THERMAL ZONE 3:CHICAGO MIDWAY AP ANN CLG .4% CONDNS DB=>MWB:Des Cool Mass Flow [kg/s],THERMAL ZONE 4:CHICAGO MIDWAY AP ANN HTG 99.6% CONDNS DB:Des Heat Load [W],THERMAL ZONE 4:CHICAGO MIDWAY AP ANN CLG .4% CONDNS DB=>MWB:Des Sens Cool Load [W],THERMAL ZONE 4:CHICAGO MIDWAY AP ANN HTG 99.6% CONDNS DB:Des Heat Mass Flow [kg/s],THERMAL ZONE 4:CHICAGO MIDWAY AP ANN CLG .4% CONDNS DB=>MWB:Des Cool Mass Flow [kg/s],THERMAL ZONE 5:CHICAGO MIDWAY AP ANN HTG 99.6% CONDNS DB:Des Heat Load [W],THERMAL ZONE 5:CHICAGO MIDWAY AP ANN CLG .4% CONDNS DB=>MWB:Des Sens Cool Load [W],THERMAL ZONE 5:CHICAGO MIDWAY AP ANN HTG 99.6% CONDNS DB:Des Heat Mass Flow [kg/s],THERMAL ZONE 5:CHICAGO MIDWAY AP ANN CLG .4% CONDNS DB=>MWB:Des Cool Mass Flow [kg/s],THERMAL ZONE 6:CHICAGO MIDWAY AP ANN HTG 99.6% CONDNS DB:Des Heat Load [W],THERMAL ZONE 6:CHICAGO MIDWAY AP ANN CLG .4% CONDNS DB=>MWB:Des Sens Cool Load [W],THERMAL ZONE 6:CHICAGO MIDWAY AP ANN HTG 99.6% CONDNS DB:Des Heat Mass Flow [kg/s],THERMAL ZONE 6:CHICAGO MIDWAY AP ANN CLG .4% CONDNS DB=>MWB:Des Cool Mass Flow [kg/s],THERMAL ZONE 7:CHICAGO MIDWAY AP ANN HTG 99.6% CONDNS DB:Des Heat Load [W],THERMAL ZONE 7:CHICAGO MIDWAY AP ANN CLG .4% CONDNS DB=>MWB:Des Sens Cool Load [W],THERMAL ZONE 7:CHICAGO MIDWAY AP ANN HTG 99.6% CONDNS DB:Des Heat Mass Flow [kg/s],THERMAL ZONE 7:CHICAGO MIDWAY AP ANN CLG .4% CONDNS DB=>MWB:Des Cool Mass Flow [kg/s],THERMAL ZONE 8:CHICAGO MIDWAY AP ANN HTG 99.6% CONDNS DB:Des Heat Load [W],THERMAL ZONE 8:CHICAGO MIDWAY AP ANN CLG .4% CONDNS DB=>MWB:Des Sens Cool Load [W],THERMAL ZONE 8:CHICAGO MIDWAY AP ANN HTG 99.6% CONDNS DB:Des Heat Mass Flow [kg/s],THERMAL ZONE 8:CHICAGO MIDWAY AP ANN CLG .4% CONDNS DB=>MWB:Des Cool Mass Flow [kg/s],THERMAL ZONE 9:CHICAGO MIDWAY AP ANN HTG 99.6% CONDNS DB:Des Heat Load [W],THERMAL ZONE 9:CHICAGO MIDWAY AP ANN CLG .4% CONDNS DB=>MWB:Des Sens Cool Load [W],THERMAL ZONE 9:CHICAGO MIDWAY AP ANN HTG 99.6% CONDNS DB:Des Heat Mass Flow [kg/s],THERMAL ZONE 9:CHICAGO MIDWAY AP ANN CLG .4% CONDNS DB=>MWB:Des Cool Mass Flow [kg/s]
00:10:00,6.197316E+03,1.133036E+03,3.212655E-01,1.122255E-01,7.469498E+02,1.787289E+02,3.874154E-02,1.769617E-02,2.611217E+03,1.237841E+01,1.048658E-01,7.876119E-04,7.678094E+02,1.823332E+02,3.982348E-02,1.805303E-02,7.414135E+02,1.760372E+02,3.845437E-02,1.742966E-02,2.253924E+03,4.363811E+02,1.168694E-01,4.321596E-02,7.285635E+02,1.733905E+02,3.778783E-02,1.716762E-02,4.088438E+03,8.932003E+02,2.120026E-01,8.845316E-02,3.704806E+03,7.527118E+02,1.920791E-01,7.454953E-02,4.102104E+03,7.545397E+02,2.126754E-01,7.473014E-02
00:20:00,6.207372E+03,1.095124E+03,3.217870E-01,1.084702E-01,7.484279E+02,1.737753E+02,3.881822E-02,1.720573E-02,2.613071E+03,7.121153E+00,1.049403E-01,4.530964E-04,7.692834E+02,1.771401E+02,3.989995E-02,1.753887E-02,7.428813E+02,1.710968E+02,3.853052E-02,1.694052E-02,2.257637E+03,4.229609E+02,1.170621E-01,4.188693E-02,7.300329E+02,1.685387E+02,3.786406E-02,1.668726E-02,4.096755E+03,8.672923E+02,2.124339E-01,8.588756E-02,3.711146E+03,7.311550E+02,1.924079E-01,7.241453E-02,4.108843E+03,7.305089E+02,2.130249E-01,7.235008E-02
00:30:00,6.217430E+03,1.057860E+03,3.223085E-01,1.047790E-01,7.499054E+02,1.688754E+02,3.889486E-02,1.672059E-02,2.614837E+03,3.376696E+00,1.050112E-01,2.148450E-04,7.707581E+02,1.720086E+02,3.997645E-02,1.703081E-02,7.443494E+02,1.662107E+02,3.860667E-02,1.645676E-02,2.261351E+03,4.097269E+02,1.172546E-01,4.057629E-02,7.315024E+02,1.637390E+02,3.794028E-02,1.621203E-02,4.105063E+03,8.416830E+02,2.128648E-01,8.335147E-02,3.717473E+03,7.098663E+02,1.927360E-01,7.030601E-02,4.115583E+03,7.068284E+02,2.133744E-01,7.000464E-02
00:40:00,6.227491E+03,1.021233E+03,3.228300E-01,1.011508E-01,7.513826E+02,1.640293E+02,3.897148E-02,1.624077E-02,2.616521E+03,1.023910E+00,1.050789E-01,6.514603E-05,7.722337E+02,1.669386E+02,4.005298E-02,1.652883E-02,7.458179E+02,1.613792E+02,3.868283E-02,1.597838E-02,2.265066E+03,3.966780E+02,1.174472E-01,3.928396E-02,7.329721E+02,1.589915E+02,3.801651E-02,1.574198E-02,4.113363E+03,8.163597E+02,2.132952E-01,8.084359E-02,3.723790E+03,6.888296E+02,1.930635E-01,6.822236E-02,4.122323E+03,6.834948E+02,2.137239E-01,6.769346E-02
00:50:00,6.237553E+03,9.852325E+02,3.233516E-01,9.758453E-02,7.528595E+02,1.592371E+02,3.904808E-02,1.576627E-02,2.618127E+03,0.000000E+00,1.051434E-01,0.000000E+00,7.737099E+02,1.619300E+02,4.012955E-02,1.603290E-02,7.472866E+02,1.566022E+02,3.875901E-02,1.550539E-02,2.268781E+03,3.838127E+02,1.176399E-01,3.800977E-02,7.344420E+02,1.542964E+02,3.809275E-02,1.527710E-02,4.121655E+03,7.913091E+02,2.137252E-01,7.836268E-02,3.730095E+03,6.680288E+02,1.933904E-01,6.616203E-02,4.129065E+03,6.605033E+02,2.140734E-01,6.541612E-02
01:00:00,6.247618E+03,9.498471E+02,3.238733E-01,9.407917E-02,7.543362E+02,1.544989E+02,3.912467E-02,1.529713E-02,2.619659E+03,0.000000E+00,1.052049E-01,0.000000E+00,7.751868E+02,1.569826E+02,4.020615E-02,1.554304E-02,7.487556E+02,1.518799E+02,3.883520E-02,1.503782E-02,2.272496E+03,3.711297E+02,1.178325E-01,3.675363E-02,7.359120E+02,1.496539E+02,3.816900E-02,1.481742E-02,4.129941E+03,7.665211E+02,2.141548E-01,7.590774E-02,3.736390E+03,6.474506E+02,1.937167E-01,6.412373E-02,4.135809E+03,6.378506E+02,2.144229E-01,6.317231E-02
01:10:00,6.248637E+03,9.242213E+02,3.239260E-01,9.154049E-02,7.544951E+02,1.511399E+02,3.913291E-02,1.496454E-02,2.621121E+03,0.000000E+00,1.052636E-01,0.000000E+00,7.753349E+02,1.534333E+02,4.021383E-02,1.519161E-02,7.489073E+02,1.485373E+02,3.884307E-02,1.470685E-02,2.272880E+03,3.619949E+02,1.178524E-01,3.584887E-02,7.360648E+02,1.463891E+02,3.817692E-02,1.449416E-02,4.130935E+03,7.493249E+02,2.142063E-01,7.420461E-02,3.737236E+03,6.325814E+02,1.937605E-01,6.265085E-02,4.136500E+03,6.216528E+02,2.144588E-01,6.156780E-02
01:20:00,6.249656E+03,8.992957E+02,3.239791E-01,8.907173E-02,7.546539E+02,1.478428E+02,3.914116E-02,1.463811E-02,2.622517E+03,0.000000E+00,1.053197E-01,0.000000E+00,7.754836E+02,1.499528E+02,4.022156E-02,1.484703E-02,7.490593E+02,1.452573E+02,3.885097E-02,1.438212E-02,2.273263E+03,3.530746E+02,1.178723E-01,3.496553E-02,7.362178E+02,1.431849E+02,3.818487E-02,1.417693E-02,4.131922E+03,7.324309E+02,2.142577E-01,7.253176E-02,3.738072E+03,6.179765E+02,1.938040E-01,6.120446E-02,4.137192E+03,6.058537E+02,2.144948E-01,6.000313E-02
01:30:00,6.250676E+03,8.750655E+02,3.240321E-01,8.667175E-02,7.548122E+02,1.446073E+02,3.914939E-02,1.431779E-02,2.623851E+03,0.000000E+00,1.053733E-01,0.000000E+00,7.756326E+02,1.465408E+02,4.022929E-02,1.450923E-02,7.492114E+02,1.420397E+02,3.885887E-02,1.406357E-02,2.273647E+03,3.443677E+02,1.178923E-01,3.410329E-02,7.363707E+02,1.400411E+02,3.819281E-02,1.386569E-02,4.132903E+03,7.158449E+02,2.143086E-01,7.088935E-02,3.738899E+03,6.036419E+02,1.938470E-01,5.978478E-02,4.137884E+03,5.904518E+02,2.145307E-01,5.847773E-02
01:40:00,6.251698E+03,8.515275E+02,3.240851E-01,8.434023E-02,7.549703E+02,1.414342E+02,3.915759E-02,1.400362E-02,2.625126E+03,0.000000E+00,1.054245E-01,0.000000E+00,7.757820E+02,1.431980E+02,4.023704E-02,1.417826E-02,7.493635E+02,1.388852E+02,3.886676E-02,1.375124E-02,2.274031E+03,3.358750E+02,1.179122E-01,3.326223E-02,7.365237E+02,1.369586E+02,3.820075E-02,1.356049E-02,4.133878E+03,6.995774E+02,2.143592E-01,6.927839E-02,3.739718E+03,5.895890E+02,1.938894E-01,5.839294E-02,4.138577E+03,5.754479E+02,2.145667E-01,5.699169E-02
01:50:00,6.252721E+03,8.286776E+02,3.241382E-01,8.207681E-02,7.551282E+02,1.383238E+02,3.916578E-02,1.369566E-02,2.626345E+03,0.000000E+00,1.054734E-01,0.000000E+00,7.759317E+02,1.399246E+02,4.024481E-02,1.385416E-02,7.495158E+02,1.357942E+02,3.887466E-02,1.344520E-02,2.274416E+03,3.275970E+02,1.179321E-01,3.244240E-02,7.366767E+02,1.339378E+02,3.820868E-02,1.326140E-02,4.134847E+03,6.836380E+02,2.144095E-01,6.769989E-02,3.740528E+03,5.758293E+02,1.939315E-01,5.703009E-02,4.139270E+03,5.608422E+02,2.146026E-01,5.554505E-02
02:00:00,6.253745E+03,8.065136E+02,3.241913E-01,7.988130E-02,7.552859E+02,1.352769E+02,3.917396E-02,1.339399E-02,2.627511E+03,0.000000E+00,1.055203E-01,0.000000E+00,7.760817E+02,1.367214E+02,4.025259E-02,1.353701E-02,7.496682E+02,1.327675E+02,3.888256E-02,1.314552E-02,2.274800E+03,3.195348E+02,1.179521E-01,3.164395E-02,7.368297E+02,1.309795E+02,3.821662E-02,1.296849E-02,4.135811E+03,6.680378E+02,2.144595E-01,6.615494E-02,3.741331E+03,5.623744E+02,1.939731E-01,5.569741E-02,4.139963E+03,5.466364E+02,2.146386E-01,5.413799E-02
02:10:00,6.254247E+03,7.854493E+02,3.242173E-01,7.779470E-02,7.553671E+02,1.323628E+02,3.917817E-02,1.310546E-02,2.628626E+03,0.000000E+00,1.055651E-01,0.000000E+00,7.761552E+02,1.336582E+02,4.025640E-02,1.323372E-02,7.497444E+02,1.298744E+02,3.888652E-02,1.285907E-02,2.274992E+03,3.118472E+02,1.179620E-01,3.088257E-02,7.369066E+02,1.281530E+02,3.822061E-02,1.268864E-02,4.136349E+03,6.531542E+02,2.144874E-01,6.468095E-02,3.741812E+03,5.494908E+02,1.939980E-01,5.442130E-02,4.140308E+03,5.331138E+02,2.146564E-01,5.279860E-02
02:20:00,6.254750E+03,7.649580E+02,3.242434E-01,7.576487E-02,7.554482E+02,1.295061E+02,3.918238E-02,1.282261E-02,2.629694E+03,0.000000E+00,1.056079E-01,0.000000E+00,7.762289E+02,1.306588E+02,4.026022E-02,1.293674E-02,7.498207E+02,1.270395E+02,3.889047E-02,1.257838E-02,2.275184E+03,3.043421E+02,1.179720E-01,3.013929E-02,7.369836E+02,1.253830E+02,3.822460E-02,1.241437E-02,4.136882E+03,6.385746E+02,2.145150E-01,6.323707E-02,3.742285E+03,5.368723E+02,1.940226E-01,5.317147E-02,4.140652E+03,5.199253E+02,2.146743E-01,5.149230E-02
02:30:00,6.255254E+03,7.450360E+02,3.242695E-01,7.379144E-02,7.555291E+02,1.267072E+02,3.918657E-02,1.254548E-02,2.630716E+03,0.000000E+00,1.056490E-01,0.000000E+00,7.763028E+02,1.277235E+02,4.026406E-02,1.264611E-02,7.498971E+02,1.242632E+02,3.889444E-02,1.230349E-02,2.275376E+03,2.970197E+02,1.179819E-01,2.941409E-02,7.370605E+02,1.226698E+02,3.822860E-02,1.214573E-02,4.137410E+03,6.243046E+02,2.145424E-01,6.182386E-02,3.742753E+03,5.245251E+02,1.940468E-01,5.194850E-02,4.140997E+03,5.070708E+02,2.146922E-01,5.021908E-02
02:40:00,6.255759E+03,7.256786E+02,3.242957E-01,7.187393E-02,7.556098E+02,1.239665E+02,3.919076E-02,1.227412E-02,2.631695E+03,0.000000E+00,1.056883E-01,0.000000E+00,7.763769E+02,1.248525E+02,4.026790E-02,1.236184E-02,7.499735E+02,1.215459E+02,3.889840E-02,1.203445E-02,2.275569E+03,2.898801E+02,1.179919E-01,2.870699E-02,7.371375E+02,1.200139E+02,3.823259E-02,1.188277E-02,4.137935E+03,6.103493E+02,2.145696E-01,6.044179E-02,3.743214E+03,5.124542E+02,1.940707E-01,5.075289E-02,4.141343E+03,4.945499E+02,2.147101E-01,4.897890E-02
02:50:00,6.256265E+03,7.068799E+02,3.243219E-01,7.001175E-02,7.556903E+02,1.212841E+02,3.919493E-02,1.200853E-02,2.632633E+03,0.000000E+00,1.057260E-01,0.000000E+00,7.764512E+02,1.220458E+02,4.027176E-02,1.208394E-02,7.500500E+02,1.188876E+02,3.890237E-02,1.177124E-02,2.275761E+03,2.829225E+02,1.180019E-01,2.801792E-02,7.372145E+02,1.174155E+02,3.823658E-02,1.162549E-02,4.138455E+03,5.967110E+02,2.145966E-01,5.909112E-02,3.743669E+03,5.006624E+02,1.940943E-01,4.958493E-02,4.141688E+03,4.823611E+02,2.147280E-01,4.777161E-02
03:00:00,6.256772E+03,6.886336E+02,3.243482E-01,6.820429E-02,7.557707E+02,1.186603E+02,3.919910E-02,1.174874E-02,2.633531E+03,0.000000E+00,1.057621E-01,0.000000E+00,7.765257E+02,1.193033E+02,4.027562E-02,1.181240E-02,7.501265E+02,1.162885E+02,3.890633E-02,1.151389E-02,2.275954E+03,2.761462E+02,1.180119E-01,2.734680E-02,7.372915E+02,1.148745E+02,3.824057E-02,1.137390E-02,4.138971E+03,5.833920E+02,2.146233E-01,5.777207E-02,3.744118E+03,4.891522E+02,1.941176E-01,4.844485E-02,4.142034E+03,4.705027E+02,2.147459E-01,4.659704E-02
03:10:00,6.257018E+03,6.710882E+02,3.243610E-01,6.646626E-02,7.558128E+02,1.161254E+02,3.920129E-02,1.149775E-02,2.634393E+03,0.000000E+00,1.057967E-01,0.000000E+00,7.765619E+02,1.166554E+02,4.027750E-02,1.155023E-02,7.501649E+02,1.137788E+02,3.890833E-02,1.126541E-02,2.276050E+03,2.696117E+02,1.180169E-01,2.669963E-02,7.373304E+02,1.124214E+02,3.824259E-02,1.113101E-02,4.139272E+03,5.705507E+02,2.146389E-01,5.650032E-02,3.744405E+03,4.780244E+02,1.941325E-01,4.734265E-02,4.142205E+03,4.590800E+02,2.147548E-01,4.546562E-02
03:20:00,6.257264E+03,6.539733E+02,3.243737E-01,6.477090E-02,7.558547E+02,1.136412E+02,3.920346E-02,1.125178E-02,2.635218E+03,0.000000E+00,1.058298E-01,0.000000E+00,7.765983E+02,1.140635E+02,4.027939E-02,1.129360E-02,7.502034E+02,1.113204E+02,3.891032E-02,1.102199E-02,2.276146E+03,2.632210E+02,1.180219E-01,2.606670E-02,7.373693E+02,1.100180E+02,3.824461E-02,1.089304E-02,4.139570E+03,5.579760E+02,2.146544E-01,5.525499E-02,3.744686E+03,4.671214E+02,1.941470E-01,4.626273E-02,4.142377E+03,4.479146E+02,2.147637E-01,4.435970E-02
03:30:00,6.257512E+03,6.372798E+02,3.243866E-01,6.311727E-02,7.558966E+02,1.112073E+02,3.920563E-02,1.101079E-02,2.636010E+03,0.000000E+00,1.058616E-01,0.000000E+00,7.766348E+02,1.115269E+02,4.028128E-02,1.104244E-02,7.502418E+02,1.089128E+02,3.891232E-02,1.078361E-02,2.276243E+03,2.569719E+02,1.180269E-01,2.544780E-02,7.374082E+02,1.076638E+02,3.824663E-02,1.065994E-02,4.139865E+03,5.456657E+02,2.146697E-01,5.403584E-02,3.744962E+03,4.564416E+02,1.941614E-01,4.520490E-02,4.142548E+03,4.370022E+02,2.147726E-01,4.327885E-02
03:40:00,6.257760E+03,6.209969E+02,3.243994E-01,6.150431E-02,7.559382E+02,1.088232E+02,3.920779E-02,1.077473E-02,2.636770E+03,0.000000E+00,1.058921E-01,0.000000E+00,7.766714E+02,1.090448E+02,4.028318E-02,1.079668E-02,7.502803E+02,1.065553E+02,3.891431E-02,1.055018E-02,2.276339E+03,2.508617E+02,1.180319E-01,2.484265E-02,7.374470E+02,1.053582E+02,3.824864E-02,1.043166E-02,4.140156E+03,5.336164E+02,2.146848E-01,5.284252E-02,3.745234E+03,4.459820E+02,1.941754E-01,4.416889E-02,4.142720E+03,4.263378E+02,2.147815E-01,4.222254E-02
03:50:00,6.258008E+03,6.051131E+02,3.244123E-01,5.993088E-02,7.559798E+02,1.064880E+02,3.920995E-02,1.054352E-02,2.637498E+03,0.000000E+00,1.059214E-01,0.000000E+00,7.767081E+02,1.066162E+02,4.028508E-02,1.055621E-02,7.503188E+02,1.042470E+02,3.891631E-02,1.032163E-02,2.276435E+03,2.448873E+02,1.180369E-01,2.425095E-02,7.374859E+02,1.031005E+02,3.825066E-02,1.020811E-02,4.140444E+03,5.218230E+02,2.146997E-01,5.167455E-02,3.745501E+03,4.357387E+02,1.941893E-01,4.315430E-02,4.142892E+03,4.159154E+02,2.147904E-01,4.119021E-02
04:00:00,6.258257E+03,5.896158E+02,3.244252E-01,5.839575E-02,7.560212E+02,1.042009E+02,3.921210E-02,1.031706E-02,2.638197E+03,0.000000E+00,1.059495E-01,0.000000E+00,7.767449E+02,1.042399E+02,4.028699E-02,1.032093E-02,7.503573E+02,1.019871E+02,3.891831E-02,1.009787E-02,2.276532E+03,2.390453E+02,1.180419E-01,2.367235E-02,7.375248E+02,1.008896E+02,3.825267E-02,9.989208E-03,4.140729E+03,5.102800E+02,2.147145E-01,5.053138E-02,3.745763E+03,4.257072E+02,1.942029E-01,4.216068E-02,4.143065E+03,4.057285E+02,2.147994E-01,4.018120E-02
04:10:00,6.249609E+03,5.834961E+02,3.239769E-01,5.778936E-02,7.547669E+02,1.032639E+02,3.914704E-02,1.022429E-02,2.638868E+03,0.000000E+00,1.059764E-01,0.000000E+00,7.754744E+02,1.032297E+02,4.022110E-02,1.022090E-02,7.491003E+02,1.010776E+02,3.885311E-02,1.000781E-02,2.273351E+03,2.366438E+02,1.178769E-01,2.343448E-02,7.362680E+02,1.000278E+02,3.818749E-02,9.903870E-03,4.133847E+03,5.061981E+02,2.143576E-01,5.012706E-02,3.740673E+03,4.212889E+02,1.939390E-01,4.172298E-02,4.137285E+03,4.017894E+02,2.144997E-01,3.979094E-02
04:20:00,6.240961E+03,5.778363E+02,3.235288E-01,5.722914E-02,7.535126E+02,1.023805E+02,3.908201E-02,1.013687E-02,2.639512E+03,0.000000E+00,1.060023E-01,0.000000E+00,7.742042E+02,1.022771E+02,4.015523E-02,1.012662E-02,7.478433E+02,1.002218E+02,3.878793E-02,9.923124E-03,2.270171E+03,2.344015E+02,1.177121E-01,2.321255E-02,7.350114E+02,9.921838E+01,3.812233E-02,9.823775E-03,4.126962E+03,5.024029E+02,2.140008E-01,4.975153E-02,3.735578E+03,4.171276E+02,1.936750E-01,4.131106E-02,4.131505E+03,3.981361E+02,2.142002E-01,3.942936E-02
04:30:00,6.232312E+03,5.726334E+02,3.230807E-01,5.671412E-02,7.522581E+02,1.015497E+02,3.901695E-02,1.005464E-02,2.640131E+03,0.000000E+00,1.060271E-01,0.000000E+00,7.729339E+02,1.013807E+02,4.008936E-02,1.003791E-02,7.465862E+02,9.941863E+01,3.872274E-02,9.843641E-03,2.266990E+03,2.323155E+02,1.175472E-01,2.300608E-02,7.337546E+02,9.846026E+01,3.805716E-02,9.748752E-03,4.120074E+03,4.988933E+02,2.136437E-01,4.940423E-02,3.730479E+03,4.132216E+02,1.934107E-01,4.092441E-02,4.125725E+03,3.947657E+02,2.139007E-01,3.909577E-02
04:40:00,6.223664E+03,5.685822E+02,3.226325E-01,5.631308E-02,7.510034E+02,1.007707E+02,3.895188E-02,9.977547E-03,2.640725E+03,0.000000E+00,1.060510E-01,0.000000E+00,7.716636E+02,1.005398E+02,4.002348E-02,9.954687E-03,7.453290E+02,9.866744E+01,3.865755E-02,9.769295E-03,2.263808E+03,2.304576E+02,1.173823E-01,2.282217E-02,7.324977E+02,9.775283E+01,3.799198E-02,9.678739E-03,4.113183E+03,4.957235E+02,2.132865E-01,4.909052E-02,3.725376E+03,4.096872E+02,1.931462E-01,4.057448E-02,4.119945E+03,3.921711E+02,2.136010E-01,3.883895E-02
04:50:00,6.215016E+03,5.669543E+02,3.221842E-01,5.615203E-02,7.497485E+02,1.000437E+02,3.888680E-02,9.905593E-03,2.641295E+03,0.000000E+00,1.060739E-01,0.000000E+00,7.703933E+02,9.975582E+01,3.995760E-02,9.877084E-03,7.440718E+02,9.796860E+01,3.859234E-02,9.700126E-03,2.260627E+03,2.288613E+02,1.172174E-01,2.266415E-02,7.312408E+02,9.709608E+01,3.792679E-02,9.613737E-03,4.106290E+03,4.929333E+02,2.129291E-01,4.881436E-02,3.720270E+03,4.065756E+02,1.928815E-01,4.026642E-02,4.114165E+03,3.914012E+02,2.133014E-01,3.876283E-02
05:00:00,6.206369E+03,5.694674E+02,3.217360E-01,5.640122E-02,7.484936E+02,9.937062E+01,3.882171E-02,9.838966E-03,2.641843E+03,0.000000E+00,1.060959E-01,0.000000E+00,7.691231E+02,9.903521E+01,3.989172E-02,9.805755E-03,7.428146E+02,9.732502E+01,3.852714E-02,9.636423E-03,2.257446E+03,2.275745E+02,1.170524E-01,2.253677E-02,7.299839E+02,9.649143E+01,3.786160E-02,9.553889E-03,4.099395E+03,4.905965E+02,2.125715E-01,4.858307E-02,3.715160E+03,4.039650E+02,1.926166E-01,4.000795E-02,4.108385E+03,3.939247E+02,2.130018E-01,3.901295E-02
05:10:00,6.190153E+03,5.847170E+02,3.208954E-01,5.791209E-02,7.461363E+02,9.988011E+01,3.869945E-02,9.889431E-03,2.642356E+03,0.000000E+00,1.061165E-01,0.000000E+00,7.667408E+02,9.952787E+01,3.976816E-02,9.854554E-03,7.404553E+02,9.786815E+01,3.840477E-02,9.690219E-03,2.251477E+03,2.295312E+02,1.167429E-01,2.273061E-02,7.276248E+02,9.706707E+01,3.773924E-02,9.610905E-03,4.086401E+03,4.950439E+02,2.118978E-01,4.902361E-02,3.705495E+03,4.066246E+02,1.921155E-01,4.027144E-02,4.097541E+03,4.057424E+02,2.124396E-01,4.018372E-02
05:20:00,6.173937E+03,6.058144E+02,3.200551E-01,6.000317E-02,7.437790E+02,1.004758E+02,3.857720E-02,9.948490E-03,2.642853E+03,0.000000E+00,1.061365E-01,0.000000E+00,7.643586E+02,1.001443E+02,3.964462E-02,9.915668E-03,7.380959E+02,9.850587E+01,3.828242E-02,9.753436E-03,2.245508E+03,2.319997E+02,1.164335E-01,2.297533E-02,7.252657E+02,9.772584E+01,3.761691E-02,9.676206E-03,4.073405E+03,5.002799E+02,2.112241E-01,4.954267E-02,3.695826E+03,4.101998E+02,1.916144E-01,4.062597E-02,4.086698E+03,4.224910E+02,2.118776E-01,4.184354E-02
05:30:00,6.157721E+03,6.324628E+02,3.192146E-01,6.264423E-02,7.414215E+02,1.011660E+02,3.845494E-02,1.001689E-02,2.643321E+03,0.000000E+00,1.061553E-01,0.000000E+00,7.619764E+02,1.009132E+02,3.952107E-02,9.991865E-03,7.357365E+02,9.925151E+01,3.816006E-02,9.827330E-03,2.239538E+03,2.350193E+02,1.161240E-01,2.327461E-02,7.229065E+02,9.847493E+01,3.749456E-02,9.750441E-03,4.060405E+03,5.063868E+02,2.105501E-01,5.014793E-02,3.686152E+03,4.151935E+02,1.911129E-01,4.112099E-02,4.075854E+03,4.440582E+02,2.113155E-01,4.398074E-02
05:40:00,6.141505E+03,6.638235E+02,3.183741E-01,6.575205E-02,7.390638E+02,1.019621E+02,3.833266E-02,1.009577E-02,2.643775E+03,0.000000E+00,1.061735E-01,0.000000E+00,7.595941E+02,1.018672E+02,3.939752E-02,1.008639E-02,7.333770E+02,1.001215E+02,3.803768E-02,9.913530E-03,2.233569E+03,2.385631E+02,1.158145E-01,2.362580E-02,7.205472E+02,9.932424E+01,3.737220E-02,9.834589E-03,4.047404E+03,5.133926E+02,2.098759E-01,5.084216E-02,3.676476E+03,4.218451E+02,1.906113E-01,4.178019E-02,4.065010E+03,4.699427E+02,2.107534E-01,4.654559E-02
05:50:00,6.125289E+03,6.985304E+02,3.175336E-01,6.919131E-02,7.367060E+02,1.028773E+02,3.821038E-02,1.018644E-02,2.644203E+03,0.000000E+00,1.061907E-01,0.000000E+00,7.572119E+02,1.030366E+02,3.927397E-02,1.020222E-02,7.310174E+02,1.011327E+02,3.791531E-02,1.001370E-02,2.227599E+03,2.426418E+02,1.155050E-01,2.402992E-02,7.181879E+02,1.002850E+02,3.724983E-02,9.929766E-03,4.034399E+03,5.213358E+02,2.092017E-01,5.162918E-02,3.666796E+03,4.301767E+02,1.901095E-01,4.260578E-02,4.054167E+03,4.991036E+02,2.101912E-01,4.943494E-02
06:00:00,6.109074E+03,7.347283E+02,3.166932E-01,7.277817E-02,7.343480E+02,1.039260E+02,3.808808E-02,1.029032E-02,2.644607E+03,0.000000E+00,1.062069E-01,0.000000E+00,7.548297E+02,1.044466E+02,3.915042E-02,1.034189E-02,7.286579E+02,1.023009E+02,3.779293E-02,1.012942E-02,2.221630E+03,2.472541E+02,1.151955E-01,2.448690E-02,7.158285E+02,1.013692E+02,3.712747E-02,1.003717E-02,4.021392E+03,5.302340E+02,2.085272E-01,5.251075E-02,3.657111E+03,4.398272E+02,1.896074E-01,4.356203E-02,4.043323E+03,5.300336E+02,2.096291E-01,5.249949E-02
06:10:00,6.102876E+03,7.616677E+02,3.163719E-01,7.544798E-02,7.334485E+02,1.036708E+02,3.804143E-02,1.026510E-02,2.645004E+03,0.000000E+00,1.062229E-01,0.000000E+00,7.539193E+02,1.046482E+02,3.910321E-02,1.036191E-02,7.277568E+02,1.021881E+02,3.774620E-02,1.011829E-02,2.219349E+03,2.487451E+02,1.150773E-01,2.463478E-02,7.149276E+02,1.011377E+02,3.708074E-02,1.001429E-02,4.016448E+03,5.320850E+02,2.082709E-01,5.269448E-02,3.653447E+03,4.444920E+02,1.894175E-01,4.402453E-02,4.039180E+03,5.553021E+02,2.094144E-01,5.500329E-02
06:20:00,6.096679E+03,7.885872E+02,3.160505E-01,7.811481E-02,7.325488E+02,1.035831E+02,3.799475E-02,1.025639E-02,2.645380E+03,0.000000E+00,1.062379E-01,0.000000E+00,7.530089E+02,1.051204E+02,3.905597E-02,1.040865E-02,7.268556E+02,1.022632E+02,3.769944E-02,1.012572E-02,2.217069E+03,2.508076E+02,1.149590E-01,2.483903E-02,7.140265E+02,1.010607E+02,3.703399E-02,1.000665E-02,4.011503E+03,5.349597E+02,2.080143E-01,5.297909E-02,3.649780E+03,4.499037E+02,1.892273E-01,4.456056E-02,4.035037E+03,5.808563E+02,2.091994E-01,5.753470E-02
06:30:00,6.090483E+03,8.161484E+02,3.157292E-01,8.084509E-02,7.316492E+02,1.036739E+02,3.794808E-02,1.026538E-02,2.645747E+03,0.000000E+00,1.062527E-01,0.000000E+00,7.520986E+02,1.058625E+02,3.900874E-02,1.048214E-02,7.259545E+02,1.025342E+02,3.765270E-02,1.015255E-02,2.214789E+03,2.535095E+02,1.148408E-01,2.510665E-02,7.131257E+02,1.011489E+02,3.698726E-02,1.001538E-02,4.006557E+03,5.389224E+02,2.077578E-01,5.337150E-02,3.646112E+03,4.556988E+02,1.890370E-01,4.513461E-02,4.030895E+03,6.071119E+02,2.089846E-01,6.013549E-02
06:40:00,6.084288E+03,8.442698E+02,3.154080E-01,8.363094E-02,7.307495E+02,1.039530E+02,3.790142E-02,1.029302E-02,2.646095E+03,0.000000E+00,1.062667E-01,0.000000E+00,7.511884E+02,1.068715E+02,3.896154E-02,1.058207E-02,7.250535E+02,1.030077E+02,3.760596E-02,1.019944E-02,2.212510E+03,2.568475E+02,1.147225E-01,2.543730E-02,7.122248E+02,1.014130E+02,3.694053E-02,1.004154E-02,4.001609E+03,5.439968E+02,2.075012E-01,5.387412E-02,3.642441E+03,4.614862E+02,1.888467E-01,4.570793E-02,4.026754E+03,6.338851E+02,2.087699E-01,6.278754E-02
06:50:00,6.078092E+03,8.729191E+02,3.150868E-01,8.646911E-02,7.298498E+02,1.044280E+02,3.785475E-02,1.034008E-02,2.646435E+03,0.000000E+00,1.062803E-01,0.000000E+00,7.502783E+02,1.081441E+02,3.891433E-02,1.070811E-02,7.241525E+02,1.036896E+02,3.755923E-02,1.026698E-02,2.210230E+03,2.608092E+02,1.146043E-01,2.582976E-02,7.113240E+02,1.018623E+02,3.689381E-02,1.008604E-02,3.996661E+03,5.502096E+02,2.072446E-01,5.448954E-02,3.638769E+03,4.672234E+02,1.886563E-01,4.627628E-02,4.022612E+03,6.610278E+02,2.085552E-01,6.547619E-02
07:00:00,6.071897E+03,9.022152E+02,3.147657E-01,8.937140E-02,7.289501E+02,1.051058E+02,3.780809E-02,1.040721E-02,2.646769E+03,0.000000E+00,1.062937E-01,0.000000E+00,7.493682E+02,1.096772E+02,3.886713E-02,1.085994E-02,7.232515E+02,1.045856E+02,3.751250E-02,1.035573E-02,2.207950E+03,2.653831E+02,1.144862E-01,2.628287E-02,7.104232E+02,1.025060E+02,3.684709E-02,1.014980E-02,3.991712E+03,5.575939E+02,2.069880E-01,5.522103E-02,3.635096E+03,4.732834E+02,1.884659E-01,4.687660E-02,4.018470E+03,6.884875E+02,2.083405E-01,6.819621E-02
07:10:00,6.075545E+03,9.242813E+02,3.149838E-01,9.155255E-02,7.293787E+02,1.048113E+02,3.783170E-02,1.037781E-02,2.830934E+03,3.727717E+01,1.160918E-01,2.786932E-03,7.497987E+02,1.102758E+02,3.889087E-02,1.091895E-02,7.236789E+02,1.045202E+02,3.753604E-02,1.034901E-02,2.209204E+03,2.676154E+02,1.145585E-01,2.650305E-02,7.108507E+02,1.021718E+02,3.687062E-02,1.011647E-02,3.994325E+03,5.596482E+02,2.071367E-01,5.542248E-02,3.637249E+03,4.752679E+02,1.885923E-01,4.707117E-02,4.020835E+03,7.108742E+02,2.084793E-01,7.041031E-02
07:20:00,6.077812E+03,9.482410E+02,3.151355E-01,9.391767E-02,7.297230E+02,1.047944E+02,3.785116E-02,1.037571E-02,2.968361E+03,6.067942E+01,1.245153E-01,4.592815E-03,7.501441E+02,1.111936E+02,3.891043E-02,1.100936E-02,7.240219E+02,1.047424E+02,3.755543E-02,1.037057E-02,2.210071E+03,2.707317E+02,1.146121E-01,2.681001E-02,7.111937E+02,1.021116E+02,3.688999E-02,1.011008E-02,3.995652E+03,5.633736E+02,2.072211E-01,5.578783E-02,3.637957E+03,4.786933E+02,1.886462E-01,4.740697E-02,4.022386E+03,7.341019E+02,2.085788E-01,7.270518E-02
07:30:00,6.080072E+03,9.733759E+02,3.152641E-01,9.640603E-02,7.300609E+02,1.050321E+02,3.786909E-02,1.039919E-02,3.089958E+03,8.468688E+01,1.322131E-01,6.446060E-03,7.504836E+02,1.123995E+02,3.892845E-02,1.112871E-02,7.243588E+02,1.052276E+02,3.757330E-02,1.041856E-02,2.210907E+03,2.745983E+02,1.146580E-01,2.719277E-02,7.115307E+02,1.023031E+02,3.690785E-02,1.012899E-02,3.995747E+03,5.684225E+02,2.072305E-01,5.628737E-02,3.637011E+03,4.833144E+02,1.886028E-01,4.786419E-02,4.023900E+03,7.575492E+02,2.086635E-01,7.502641E-02
07:40:00,6.082415E+03,1.000021E+03,3.153893E-01,9.904515E-02,7.304032E+02,1.055303E+02,3.788691E-02,1.044851E-02,3.202224E+03,1.096522E+02,1.394879E-01,8.373241E-03,7.508293E+02,1.138908E+02,3.894646E-02,1.127636E-02,7.247014E+02,1.059798E+02,3.759113E-02,1.049304E-02,2.211751E+03,2.792541E+02,1.147024E-01,2.765388E-02,7.118733E+02,1.027532E+02,3.692569E-02,1.017356E-02,3.994653E+03,5.748531E+02,2.071749E-01,5.692418E-02,3.634456E+03,4.893578E+02,1.884720E-01,4.846272E-02,4.025446E+03,7.813172E+02,2.087454E-01,7.738025E-02
07:50:00,6.084812E+03,1.028359E+03,3.155146E-01,1.018523E-01,7.307469E+02,1.062970E+02,3.790473E-02,1.052443E-02,3.306071E+03,1.357574E+02,1.463823E-01,1.038839E-02,7.511810E+02,1.156672E+02,3.896469E-02,1.145226E-02,7.250482E+02,1.070046E+02,3.760911E-02,1.059451E-02,2.212598E+03,2.847464E+02,1.147465E-01,2.819790E-02,7.122203E+02,1.034701E+02,3.694367E-02,1.024454E-02,3.992603E+03,5.827607E+02,2.070688E-01,5.770736E-02,3.630604E+03,4.969865E+02,1.882728E-01,4.921841E-02,4.027007E+03,8.055318E+02,2.088268E-01,7.977848E-02
08:00:00,6.087255E+03,1.058474E+03,3.156412E-01,1.048355E-01,7.310889E+02,1.073411E+02,3.792244E-02,1.062782E-02,3.404026E+03,1.632177E+02,1.530109E-01,1.250813E-02,7.515385E+02,1.177294E+02,3.898320E-02,1.165646E-02,7.253978E+02,1.083080E+02,3.762721E-02,1.072358E-02,2.213446E+03,2.911247E+02,1.147904E-01,2.882968E-02,7.125700E+02,1.044621E+02,3.696178E-02,1.034277E-02,3.989794E+03,5.922335E+02,2.069230E-01,5.864559E-02,3.625722E+03,5.062970E+02,1.880197E-01,5.014073E-02,4.028577E+03,8.302295E+02,2.089082E-01,8.222462E-02
08:10:00,6.108646E+03,1.071094E+03,3.167504E-01,1.060793E-01,7.341665E+02,1.059502E+02,3.808206E-02,1.048982E-02,3.553448E+03,3.271186E+02,1.645007E-01,2.789100E-02,7.546667E+02,1.173314E+02,3.914545E-02,1.161670E-02,7.284890E+02,1.071748E+02,3.778754E-02,1.061109E-02,2.221237E+03,2.914016E+02,1.151944E-01,2.885590E-02,7.156609E+02,1.030168E+02,3.712209E-02,1.019940E-02,4.001572E+03,5.882012E+02,2.075337E-01,5.824409E-02,3.631361E+03,5.058318E+02,1.883120E-01,5.009239E-02,4.042786E+03,8.426088E+02,2.096449E-01,8.344604E-02
08:20:00,6.130209E+03,1.084699E+03,3.178685E-01,1.074218E-01,7.372549E+02,1.047999E+02,3.824224E-02,1.037570E-02,3.695701E+03,4.790781E+02,1.757499E-01,4.344616E-02,7.578181E+02,1.171687E+02,3.930889E-02,1.160030E-02,7.315980E+02,1.062784E+02,3.794879E-02,1.052209E-02,2.229078E+03,2.923877E+02,1.156010E-01,2.895252E-02,7.187694E+02,1.018083E+02,3.728332E-02,1.007952E-02,4.012889E+03,5.853923E+02,2.081206E-01,5.796424E-02,3.636326E+03,5.064719E+02,1.885693E-01,5.015391E-02,4.057093E+03,8.551350E+02,2.103868E-01,8.468270E-02
08:30:00,6.151896E+03,1.099020E+03,3.189921E-01,1.088385E-01,7.403489E+02,1.038845E+02,3.840263E-02,1.028495E-02,3.832716E+03,6.268771E+02,1.866172E-01,5.862160E-02,7.609887E+02,1.172294E+02,3.947326E-02,1.160619E-02,7.347205E+02,1.056107E+02,3.811066E-02,1.045587E-02,2.236953E+03,2.940159E+02,1.160091E-01,2.911341E-02,7.218909E+02,1.008301E+02,3.744514E-02,9.982561E-03,4.023758E+03,5.835787E+02,2.086836E-01,5.778387E-02,3.640651E+03,5.077700E+02,1.887931E-01,5.028182E-02,4.071470E+03,8.677311E+02,2.111318E-01,8.592874E-02
08:40:00,6.173675E+03,1.113972E+03,3.201200E-01,1.103183E-01,7.434458E+02,1.032099E+02,3.856314E-02,1.021807E-02,3.966208E+03,7.733505E+02,1.972371E-01,7.368407E-02,7.641768E+02,1.175138E+02,3.963850E-02,1.163425E-02,7.378543E+02,1.051759E+02,3.827308E-02,1.041273E-02,2.244853E+03,2.962838E+02,1.164184E-01,2.933777E-02,7.250232E+02,1.000877E+02,3.760748E-02,9.908972E-03,4.034252E+03,5.828098E+02,2.092270E-01,5.770713E-02,3.644444E+03,5.096419E+02,1.889890E-01,5.046677E-02,4.085895E+03,8.804483E+02,2.118790E-01,8.718736E-02
08:50:00,6.195523E+03,1.129516E+03,3.212513E-01,1.118571E-01,7.465434E+02,1.027803E+02,3.872368E-02,1.017547E-02,4.096779E+03,9.190832E+02,2.076482E-01,8.869495E-02,7.673807E+02,1.180225E+02,3.980454E-02,1.168454E-02,7.409973E+02,1.049771E+02,3.843598E-02,1.039297E-02,2.252772E+03,2.991918E+02,1.168286E-01,2.962557E-02,7.281642E+02,9.958543E+01,3.777027E-02,9.859168E-03,4.044444E+03,5.831676E+02,2.097546E-01,5.774205E-02,3.647809E+03,5.121289E+02,1.891627E-01,5.071269E-02,4.100357E+03,8.932746E+02,2.126280E-01,8.845696E-02
09:00:00,6.217425E+03,1.145598E+03,3.223854E-01,1.134492E-01,7.496399E+02,1.025988E+02,3.888415E-02,1.015743E-02,4.225145E+03,1.064835E+03,2.179054E-01,1.037357E-01,7.705986E+02,1.187551E+02,3.997131E-02,1.175699E-02,7.441480E+02,1.050166E+02,3.859926E-02,1.039681E-02,2.260705E+03,3.028034E+02,1.172396E-01,2.998306E-02,7.313123E+02,9.932654E+01,3.793342E-02,9.833467E-03,4.054391E+03,5.847399E+02,2.102695E-01,5.789728E-02,3.650829E+03,5.153575E+02,1.893185E-01,5.103209E-02,4.114845E+03,9.060567E+02,2.133783E-01,8.972220E-02
09:10:00,6.222031E+03,1.177606E+03,3.225933E-01,1.166303E-01,7.503228E+02,1.048982E+02,3.891803E-02,1.038561E-02,4.111714E+03,1.038705E+03,2.131800E-01,1.029076E-01,7.713954E+02,1.219641E+02,4.001106E-02,1.207530E-02,7.448935E+02,1.075274E+02,3.863639E-02,1.064593E-02,2.262366E+03,3.127238E+02,1.173178E-01,3.096776E-02,7.320546E+02,1.015437E+02,3.797041E-02,1.005349E-02,4.050570E+03,5.999135E+02,2.100569E-01,5.940406E-02,3.643262E+03,5.285402E+02,1.889107E-01,5.234202E-02,4.117842E+03,9.291680E+02,2.135163E-01,9.201861E-02
09:20:00,6.227995E+03,1.209060E+03,3.228658E-01,1.197583E-01,7.510789E+02,1.073805E+02,3.895544E-02,1.063196E-02,4.047280E+03,1.040809E+03,2.098156E-01,1.031274E-01,7.722802E+02,1.253232E+02,4.005510E-02,1.240856E-02,7.457206E+02,1.102099E+02,3.867750E-02,1.091213E-02,2.264400E+03,3.229969E+02,1.174140E-01,3.198774E-02,7.328783E+02,1.039399E+02,3.801135E-02,1.029131E-02,4.047913E+03,6.160117E+02,2.099022E-01,6.100305E-02,3.636987E+03,5.422094E+02,1.885669E-01,5.370081E-02,4.121628E+03,9.516293E+02,2.136920E-01,9.425188E-02
09:30:00,6.233941E+03,1.240544E+03,3.231610E-01,1.228791E-01,7.518303E+02,1.100890E+02,3.899389E-02,1.090022E-02,3.999863E+03,1.049300E+03,2.073494E-01,1.039602E-01,7.731729E+02,1.288735E+02,4.010087E-02,1.276017E-02,7.465504E+02,1.131071E+02,3.872002E-02,1.119907E-02,2.266453E+03,3.337928E+02,1.175174E-01,3.305736E-02,7.337042E+02,1.065589E+02,3.805369E-02,1.055071E-02,4.046444E+03,6.336741E+02,2.098207E-01,6.275299E-02,3.632315E+03,5.570748E+02,1.883183E-01,5.517400E-02,4.125427E+03,9.737639E+02,2.138819E-01,9.644572E-02
09:40:00,6.239791E+03,1.271940E+03,3.234593E-01,1.259893E-01,7.525664E+02,1.130234E+02,3.903191E-02,1.119080E-02,3.962070E+03,1.061400E+03,2.053867E-01,1.051530E-01,7.740606E+02,1.326112E+02,4.014673E-02,1.313027E-02,7.473710E+02,1.162180E+02,3.876242E-02,1.150711E-02,2.268488E+03,3.450891E+02,1.176219E-01,3.417624E-02,7.345204E+02,1.094002E+02,3.809586E-02,1.083206E-02,4.046135E+03,6.528881E+02,2.098027E-01,6.465607E-02,3.629223E+03,5.731896E+02,1.881556E-01,5.677036E-02,4.129178E+03,9.954790E+02,2.140739E-01,9.859661E-02
09:50:00,6.245578E+03,1.303137E+03,3.237573E-01,1.290794E-01,7.532912E+02,1.161795E+02,3.906942E-02,1.150331E-02,3.932857E+03,1.076637E+03,2.038707E-01,1.066599E-01,7.749430E+02,1.365277E+02,4.019242E-02,1.351804E-02,7.481838E+02,1.195369E+02,3.880450E-02,1.183575E-02,2.270513E+03,3.568714E+02,1.177265E-01,3.534318E-02,7.353286E+02,1.124593E+02,3.813771E-02,1.113497E-02,4.046744E+03,6.735332E+02,2.098335E-01,6.670077E-02,3.627386E+03,5.904345E+02,1.880593E-01,5.847854E-02,4.132903E+03,1.016683E+03,2.142660E-01,1.006965E-01
10:00:00,6.251315E+03,1.334000E+03,3.240538E-01,1.321363E-01,7.540089E+02,1.195528E+02,3.910660E-02,1.183731E-02,3.909458E+03,1.094334E+03,2.026566E-01,1.084121E-01,7.758204E+02,1.406132E+02,4.023788E-02,1.392255E-02,7.489907E+02,1.230579E+02,3.884630E-02,1.218437E-02,2.272533E+03,3.690401E+02,1.178310E-01,3.654836E-02,7.361306E+02,1.157312E+02,3.817925E-02,1.145893E-02,4.048075E+03,6.954734E+02,2.099020E-01,6.887368E-02,3.626535E+03,6.086293E+02,1.880146E-01,6.028075E-02,4.136611E+03,1.037424E+03,2.144577E-01,1.027505E-01
10:10:00,6.251265E+03,1.369907E+03,3.240505E-01,1.356927E-01,7.538910E+02,1.239291E+02,3.910044E-02,1.227062E-02,3.890545E+03,1.114115E+03,2.016755E-01,1.103715E-01,7.758529E+02,1.456569E+02,4.023952E-02,1.442191E-02,7.489612E+02,1.275655E+02,3.884473E-02,1.263067E-02,2.272442E+03,3.836180E+02,1.178261E-01,3.799211E-02,7.360959E+02,1.200012E+02,3.817742E-02,1.188172E-02,4.045343E+03,7.230053E+02,2.097600E-01,7.160028E-02,3.622996E+03,6.310042E+02,1.878308E-01,6.249694E-02,4.136471E+03,1.061162E+03,2.144501E-01,1.051013E-01
10:20:00,6.251100E+03,1.405380E+03,3.240417E-01,1.392064E-01,7.537632E+02,1.285162E+02,3.909379E-02,1.272484E-02,3.874843E+03,1.135633E+03,2.008611E-01,1.125033E-01,7.758704E+02,1.508553E+02,4.024040E-02,1.493662E-02,7.489190E+02,1.322663E+02,3.884251E-02,1.309614E-02,2.272321E+03,3.986051E+02,1.178198E-01,3.947648E-02,7.360484E+02,1.244769E+02,3.817493E-02,1.232491E-02,4.042991E+03,7.516814E+02,2.096377E-01,7.444041E-02,3.620010E+03,6.542402E+02,1.876757E-01,6.479860E-02,4.136270E+03,1.084187E+03,2.144395E-01,1.073817E-01
10:30:00,6.250866E+03,1.440326E+03,3.240295E-01,1.426680E-01,7.536312E+02,1.333036E+02,3.908693E-02,1.319887E-02,3.861660E+03,1.158626E+03,2.001773E-01,1.147812E-01,7.758767E+02,1.561936E+02,4.024072E-02,1.546518E-02,7.488685E+02,1.371485E+02,3.883988E-02,1.357956E-02,2.272184E+03,4.139603E+02,1.178127E-01,4.099729E-02,7.359927E+02,1.291476E+02,3.817203E-02,1.278739E-02,4.040952E+03,7.813753E+02,2.095319E-01,7.738129E-02,3.617471E+03,6.782487E+02,1.875440E-01,6.717673E-02,4.136034E+03,1.106414E+03,2.144273E-01,1.095830E-01
10:40:00,6.250582E+03,1.474714E+03,3.240147E-01,1.460741E-01,7.534977E+02,1.382809E+02,3.908000E-02,1.369171E-02,3.850361E+03,1.182841E+03,1.995913E-01,1.171802E-01,7.758731E+02,1.616576E+02,4.024053E-02,1.600618E-02,7.488116E+02,1.422007E+02,3.883693E-02,1.407980E-02,2.272036E+03,4.296610E+02,1.178049E-01,4.255227E-02,7.359307E+02,1.340028E+02,3.816880E-02,1.326814E-02,4.039161E+03,8.119668E+02,2.094390E-01,8.041099E-02,3.615283E+03,7.029353E+02,1.874305E-01,6.962198E-02,4.135775E+03,1.127819E+03,2.144138E-01,1.117029E-01
10:50:00,6.250260E+03,1.508545E+03,3.239980E-01,1.494251E-01,7.533644E+02,1.434376E+02,3.907309E-02,1.420229E-02,3.840597E+03,1.208094E+03,1.990850E-01,1.196820E-01,7.758605E+02,1.672333E+02,4.023988E-02,1.655823E-02,7.487498E+02,1.474112E+02,3.883372E-02,1.459570E-02,2.271878E+03,4.456664E+02,1.177968E-01,4.413742E-02,7.358637E+02,1.390322E+02,3.816533E-02,1.376612E-02,4.037571E+03,8.433490E+02,2.093565E-01,8.351893E-02,3.613376E+03,7.282304E+02,1.873315E-01,7.212745E-02,4.135499E+03,1.148414E+03,2.143995E-01,1.137425E-01
11:00:00,6.249909E+03,1.541892E+03,3.239798E-01,1.527281E-01,7.532327E+02,1.487615E+02,3.906625E-02,1.472942E-02,3.832020E+03,1.234196E+03,1.986402E-01,1.222677E-01,7.758402E+02,1.729058E+02,4.023882E-02,1.711986E-02,7.486840E+02,1.527671E+02,3.883031E-02,1.512601E-02,2.271714E+03,4.619516E+02,1.177883E-01,4.575024E-02,7.357929E+02,1.442237E+02,3.816166E-02,1.428015E-02,4.036139E+03,8.754039E+02,2.092823E-01,8.669344E-02,3.611690E+03,7.540457E+02,1.872441E-01,7.468439E-02,4.135210E+03,1.168282E+03,2.143845E-01,1.157101E-01
11:10:00,6.249797E+03,1.574285E+03,3.239740E-01,1.559367E-01,7.531414E+02,1.541805E+02,3.906152E-02,1.526597E-02,3.824432E+03,1.260793E+03,1.982467E-01,1.249025E-01,7.758513E+02,1.786005E+02,4.023940E-02,1.768368E-02,7.486533E+02,1.581957E+02,3.882872E-02,1.566349E-02,2.271641E+03,4.782737E+02,1.177845E-01,4.736671E-02,7.357574E+02,1.495055E+02,3.815982E-02,1.480311E-02,4.035049E+03,9.076654E+02,2.092257E-01,8.988836E-02,3.610342E+03,7.799782E+02,1.871742E-01,7.725292E-02,4.135087E+03,1.187205E+03,2.143781E-01,1.175841E-01
11:20:00,6.249667E+03,1.606184E+03,3.239673E-01,1.590962E-01,7.530530E+02,1.597173E+02,3.905693E-02,1.581417E-02,3.817617E+03,1.287719E+03,1.978933E-01,1.275698E-01,7.758565E+02,1.843393E+02,4.023967E-02,1.825187E-02,7.486202E+02,1.637194E+02,3.882701E-02,1.621039E-02,2.271564E+03,4.946892E+02,1.177805E-01,4.899240E-02,7.357197E+02,1.549008E+02,3.815786E-02,1.533731E-02,4.034060E+03,9.402157E+02,2.091744E-01,9.311181E-02,3.609132E+03,8.060954E+02,1.871115E-01,7.983967E-02,4.134957E+03,1.205589E+03,2.143714E-01,1.194048E-01
11:30:00,6.249523E+03,1.637875E+03,3.239598E-01,1.622352E-01,7.529676E+02,1.653579E+02,3.905250E-02,1.637263E-02,3.811467E+03,1.314849E+03,1.975744E-01,1.302572E-01,7.758564E+02,1.901087E+02,4.023966E-02,1.882307E-02,7.485854E+02,1.693243E+02,3.882520E-02,1.676532E-02,2.271484E+03,5.111638E+02,1.177763E-01,5.062392E-02,7.356803E+02,1.603958E+02,3.815582E-02,1.588137E-02,4.033155E+03,9.729571E+02,2.091275E-01,9.635413E-02,3.608038E+03,8.323266E+02,1.870547E-01,8.243769E-02,4.134821E+03,1.223762E+03,2.143643E-01,1.212045E-01
11:40:00,6.249367E+03,1.670006E+03,3.239517E-01,1.654177E-01,7.528854E+02,1.710858E+02,3.904824E-02,1.693975E-02,3.805867E+03,1.342047E+03,1.972840E-01,1.329514E-01,7.758517E+02,1.958944E+02,4.023942E-02,1.939589E-02,7.485491E+02,1.749948E+02,3.882332E-02,1.732674E-02,2.271401E+03,5.276599E+02,1.177720E-01,5.225756E-02,7.356398E+02,1.659750E+02,3.815372E-02,1.643375E-02,4.032322E+03,1.005785E+03,2.090843E-01,9.960499E-02,3.607040E+03,8.585938E+02,1.870030E-01,8.503924E-02,4.134680E+03,1.242464E+03,2.143570E-01,1.230568E-01
11:50:00,6.249200E+03,1.703051E+03,3.239431E-01,1.686908E-01,7.528065E+02,1.768843E+02,3.904415E-02,1.751385E-02,3.800747E+03,1.369196E+03,1.970186E-01,1.356406E-01,7.758429E+02,2.016839E+02,4.023896E-02,1.996907E-02,7.485118E+02,1.807152E+02,3.882138E-02,1.789310E-02,2.271315E+03,5.441403E+02,1.177676E-01,5.388963E-02,7.355984E+02,1.716219E+02,3.815157E-02,1.699284E-02,4.031549E+03,1.038604E+03,2.090442E-01,1.028550E-01,3.606123E+03,8.848212E+02,1.869554E-01,8.763682E-02,4.134535E+03,1.262241E+03,2.143495E-01,1.250154E-01
12:00:00,6.249026E+03,1.737189E+03,3.239340E-01,1.720722E-01,7.527306E+02,1.827351E+02,3.904021E-02,1.809311E-02,3.796033E+03,1.396172E+03,1.967741E-01,1.383127E-01,7.758306E+02,2.074661E+02,4.023833E-02,2.054154E-02,7.484737E+02,1.864696E+02,3.881941E-02,1.846282E-02,2.271228E+03,5.605655E+02,1.177630E-01,5.551621E-02,7.355564E+02,1.773188E+02,3.814939E-02,1.755688E-02,4.030827E+03,1.071320E+03,2.090067E-01,1.060946E-01,3.605274E+03,9.109275E+02,1.869114E-01,9.022239E-02,4.134387E+03,1.283299E+03,2.143418E-01,1.271010E-01
12:10:00,6.249367E+03,1.772224E+03,3.239517E-01,1.755425E-01,7.527340E+02,1.885657E+02,3.904039E-02,1.867038E-02,3.770930E+03,1.409868E+03,1.954728E-01,1.396692E-01,7.758921E+02,2.131780E+02,4.024151E-02,2.110704E-02,7.485112E+02,1.921885E+02,3.882135E-02,1.902903E-02,2.271331E+03,5.768072E+02,1.177684E-01,5.712461E-02,7.355902E+02,1.829941E+02,3.815115E-02,1.811876E-02,4.030577E+03,1.103574E+03,2.089938E-01,1.092886E-01,3.604806E+03,9.366904E+02,1.868871E-01,9.277393E-02,4.134587E+03,1.305489E+03,2.143522E-01,1.292988E-01
12:20:00,6.249702E+03,1.808592E+03,3.239690E-01,1.791448E-01,7.527403E+02,1.944334E+02,3.904071E-02,1.925130E-02,3.746285E+03,1.423237E+03,1.941957E-01,1.409924E-01,7.759508E+02,2.188888E+02,4.024456E-02,2.167243E-02,7.485483E+02,1.979326E+02,3.882327E-02,1.959771E-02,2.271434E+03,5.930169E+02,1.177737E-01,5.872983E-02,7.356238E+02,1.887054E+02,3.815289E-02,1.868421E-02,4.030377E+03,1.135683E+03,2.089834E-01,1.124681E-01,3.604404E+03,9.623409E+02,1.868662E-01,9.531430E-02,4.134784E+03,1.329047E+03,2.143624E-01,1.316320E-01
12:30:00,6.250031E+03,1.846744E+03,3.239861E-01,1.829240E-01,7.527492E+02,2.003182E+02,3.904117E-02,1.983393E-02,3.721999E+03,1.436206E+03,1.929385E-01,1.422749E-01,7.760073E+02,2.245909E+02,4.024749E-02,2.223695E-02,7.485850E+02,2.036857E+02,3.882518E-02,2.016729E-02,2.271535E+03,6.091487E+02,1.177790E-01,6.032733E-02,7.356574E+02,1.944336E+02,3.815463E-02,1.925133E-02,4.030221E+03,1.167532E+03,2.089753E-01,1.156220E-01,3.604060E+03,9.877927E+02,1.868484E-01,9.783498E-02,4.134980E+03,1.353690E+03,2.143725E-01,1.340728E-01
12:40:00,6.250355E+03,1.886605E+03,3.240029E-01,1.868723E-01,7.527606E+02,2.062044E+02,3.904176E-02,2.041668E-02,3.698007E+03,1.448711E+03,1.916971E-01,1.435107E-01,7.760617E+02,2.302801E+02,4.025031E-02,2.280020E-02,7.486216E+02,2.094354E+02,3.882707E-02,2.073654E-02,2.271636E+03,6.251724E+02,1.177842E-01,6.191412E-02,7.356909E+02,2.001633E+02,3.815637E-02,1.981860E-02,4.030103E+03,1.199041E+03,2.089691E-01,1.187420E-01,3.603766E+03,1.012991E+03,1.868332E-01,1.003306E-01,4.135174E+03,1.378728E+03,2.143826E-01,1.365527E-01
12:50:00,6.250676E+03,1.928006E+03,3.240195E-01,1.909732E-01,7.527743E+02,2.120752E+02,3.904247E-02,2.099792E-02,3.674276E+03,1.460674E+03,1.904694E-01,1.446925E-01,7.761143E+02,2.359502E+02,4.025304E-02,2.336155E-02,7.486580E+02,2.151681E+02,3.882896E-02,2.130409E-02,2.271736E+03,6.410518E+02,1.177894E-01,6.348662E-02,7.357245E+02,2.058785E+02,3.815811E-02,2.038442E-02,4.030017E+03,1.230107E+03,2.089647E-01,1.218182E-01,3.603515E+03,1.037872E+03,1.868201E-01,1.027947E-01,4.135367E+03,1.403576E+03,2.143926E-01,1.390136E-01
13:00:00,6.250992E+03,1.971005E+03,3.240359E-01,1.952324E-01,7.527901E+02,2.179133E+02,3.904329E-02,2.157590E-02,3.650769E+03,1.472008E+03,1.892535E-01,1.458118E-01,7.761654E+02,2.415924E+02,4.025569E-02,2.392015E-02,7.486944E+02,2.208685E+02,3.883085E-02,2.186845E-02,2.271836E+03,6.567469E+02,1.177946E-01,6.504085E-02,7.357583E+02,2.115623E+02,3.815986E-02,2.094713E-02,4.029959E+03,1.260616E+03,2.089617E-01,1.248393E-01,3.603300E+03,1.062366E+03,1.868090E-01,1.052205E-01,4.135558E+03,1.427935E+03,2.144025E-01,1.414261E-01
13:10:00,6.251829E+03,2.015035E+03,3.240793E-01,1.995937E-01,7.528838E+02,2.236197E+02,3.904815E-02,2.214085E-02,3.668960E+03,1.509329E+03,1.901992E-01,1.495052E-01,7.762922E+02,2.471130E+02,4.026226E-02,2.446670E-02,7.488070E+02,2.264389E+02,3.883669E-02,2.241994E-02,2.272128E+03,6.719944E+02,1.178097E-01,6.655075E-02,7.358683E+02,2.171162E+02,3.816557E-02,2.149699E-02,4.030334E+03,1.289998E+03,2.089811E-01,1.277488E-01,3.603415E+03,1.086047E+03,1.868149E-01,1.075657E-01,4.136099E+03,1.451214E+03,2.144306E-01,1.437315E-01
13:20:00,6.252663E+03,2.060657E+03,3.241225E-01,2.041126E-01,7.529792E+02,2.292545E+02,3.905310E-02,2.269870E-02,3.687059E+03,1.546092E+03,1.911391E-01,1.531448E-01,7.764179E+02,2.525768E+02,4.026878E-02,2.500762E-02,7.489196E+02,2.319402E+02,3.884253E-02,2.296457E-02,2.272420E+03,6.869486E+02,1.178248E-01,6.803158E-02,7.359786E+02,2.226009E+02,3.817129E-02,2.203999E-02,4.030711E+03,1.318580E+03,2.090007E-01,1.305790E-01,3.603533E+03,1.109173E+03,1.868210E-01,1.098560E-01,4.136639E+03,1.473613E+03,2.144585E-01,1.459497E-01
13:30:00,6.253494E+03,2.107204E+03,3.241656E-01,2.087232E-01,7.530761E+02,2.348043E+02,3.905812E-02,2.324814E-02,3.705177E+03,1.582165E+03,1.920776E-01,1.567186E-01,7.765426E+02,2.579732E+02,4.027525E-02,2.554188E-02,7.490323E+02,2.373592E+02,3.884837E-02,2.350106E-02,2.272711E+03,7.015803E+02,1.178399E-01,6.948048E-02,7.360891E+02,2.280037E+02,3.817702E-02,2.257486E-02,4.031088E+03,1.346295E+03,2.090202E-01,1.333233E-01,3.603651E+03,1.131698E+03,1.868272E-01,1.120868E-01,4.137178E+03,1.495046E+03,2.144865E-01,1.480723E-01
13:40:00,6.254323E+03,2.154123E+03,3.242086E-01,2.133705E-01,7.531744E+02,2.402512E+02,3.906322E-02,2.378739E-02,3.723352E+03,1.617435E+03,1.930178E-01,1.602142E-01,7.766664E+02,2.632860E+02,4.028167E-02,2.606785E-02,7.491450E+02,2.426779E+02,3.885422E-02,2.402761E-02,2.273002E+03,7.158398E+02,1.178550E-01,7.089250E-02,7.361998E+02,2.333068E+02,3.818276E-02,2.309988E-02,4.031467E+03,1.373029E+03,2.090399E-01,1.359704E-01,3.603772E+03,1.153539E+03,1.868334E-01,1.142497E-01,4.137715E+03,1.515407E+03,2.145143E-01,1.500886E-01
13:50:00,6.255150E+03,2.201006E+03,3.242514E-01,2.180142E-01,7.532739E+02,2.455791E+02,3.906838E-02,2.431485E-02,3.741595E+03,1.651817E+03,1.939611E-01,1.636225E-01,7.767895E+02,2.684994E+02,4.028805E-02,2.658398E-02,7.492577E+02,2.478798E+02,3.886006E-02,2.454261E-02,2.273292E+03,7.296813E+02,1.178701E-01,7.226313E-02,7.363106E+02,2.384949E+02,3.818850E-02,2.361350E-02,4.031850E+03,1.398693E+03,2.090597E-01,1.385116E-01,3.603897E+03,1.174622E+03,1.868399E-01,1.163376E-01,4.138252E+03,1.534623E+03,2.145422E-01,1.519916E-01
14:00:00,6.255974E+03,2.247470E+03,3.242941E-01,2.226163E-01,7.533745E+02,2.507734E+02,3.907360E-02,2.482909E-02,3.759914E+03,1.685245E+03,1.949081E-01,1.669366E-01,7.769118E+02,2.735986E+02,4.029440E-02,2.708881E-02,7.493705E+02,2.529503E+02,3.886591E-02,2.504459E-02,2.273582E+03,7.430660E+02,1.178851E-01,7.358853E-02,7.364216E+02,2.435539E+02,3.819426E-02,2.411434E-02,4.032238E+03,1.423216E+03,2.090798E-01,1.409398E-01,3.604030E+03,1.194888E+03,1.868468E-01,1.183445E-01,4.138788E+03,1.552641E+03,2.145699E-01,1.537759E-01
14:10:00,6.256273E+03,2.293511E+03,3.243096E-01,2.271765E-01,7.533999E+02,2.558827E+02,3.907491E-02,2.533491E-02,3.757564E+03,1.703977E+03,1.947835E-01,1.687952E-01,7.769567E+02,2.786313E+02,4.029672E-02,2.758704E-02,7.494070E+02,2.579375E+02,3.886781E-02,2.553832E-02,2.273678E+03,7.560775E+02,1.178901E-01,7.487695E-02,7.364566E+02,2.485325E+02,3.819607E-02,2.460723E-02,4.032216E+03,1.446851E+03,2.090787E-01,1.432801E-01,3.603863E+03,1.214473E+03,1.868381E-01,1.202841E-01,4.138972E+03,1.569628E+03,2.145795E-01,1.554581E-01
14:20:00,6.256570E+03,2.338286E+03,3.243250E-01,2.316112E-01,7.534260E+02,2.608163E+02,3.907627E-02,2.582333E-02,3.755416E+03,1.721368E+03,1.946699E-01,1.705202E-01,7.770010E+02,2.835043E+02,4.029902E-02,2.806947E-02,7.494436E+02,2.627505E+02,3.886971E-02,2.601480E-02,2.273775E+03,7.684874E+02,1.178951E-01,7.610579E-02,7.364916E+02,2.533408E+02,3.819789E-02,2.508325E-02,4.032208E+03,1.469113E+03,2.090783E-01,1.454845E-01,3.603715E+03,1.233007E+03,1.868304E-01,1.221195E-01,4.139156E+03,1.585206E+03,2.145890E-01,1.570007E-01
14:30:00,6.256865E+03,2.381542E+03,3.243403E-01,2.358954E-01,7.534529E+02,2.655609E+02,3.907766E-02,2.629304E-02,3.753408E+03,1.737420E+03,1.945647E-01,1.721113E-01,7.770448E+02,2.882022E+02,4.030130E-02,2.853456E-02,7.494802E+02,2.673756E+02,3.887160E-02,2.647269E-02,2.273871E+03,7.802604E+02,1.179001E-01,7.727157E-02,7.365268E+02,2.579658E+02,3.819972E-02,2.554112E-02,4.032214E+03,1.489953E+03,2.090786E-01,1.475479E-01,3.603585E+03,1.250440E+03,1.868237E-01,1.238459E-01,4.139339E+03,1.599351E+03,2.145985E-01,1.584013E-01
14:40:00,6.257159E+03,2.423007E+03,3.243555E-01,2.400021E-01,7.534803E+02,2.701021E+02,3.907909E-02,2.674262E-02,3.751516E+03,1.752104E+03,1.944663E-01,1.735660E-01,7.770882E+02,2.927083E+02,4.030355E-02,2.898066E-02,7.495168E+02,2.717985E+02,3.887350E-02,2.691054E-02,2.273967E+03,7.913584E+02,1.179051E-01,7.837048E-02,7.365621E+02,2.623937E+02,3.820155E-02,2.597947E-02,4.032232E+03,1.509318E+03,2.090795E-01,1.494653E-01,3.603472E+03,1.266718E+03,1.868179E-01,1.254578E-01,4.139521E+03,1.612033E+03,2.146080E-01,1.596572E-01
14:50:00,6.257451E+03,2.462466E+03,3.243707E-01,2.439101E-01,7.535084E+02,2.744287E+02,3.908054E-02,2.717094E-02,3.749726E+03,1.765407E+03,1.943733E-01,1.748837E-01,7.771312E+02,2.970087E+02,4.030578E-02,2.940639E-02,7.495535E+02,2.760075E+02,3.887540E-02,2.732723E-02,2.274063E+03,8.017530E+02,1.179100E-01,7.939973E-02,7.365975E+02,2.666133E+02,3.820339E-02,2.639721E-02,4.032261E+03,1.527182E+03,2.090810E-01,1.512341E-01,3.603375E+03,1.281805E+03,1.868128E-01,1.269519E-01,4.139703E+03,1.623246E+03,2.146174E-01,1.607675E-01
15:00:00,6.257741E+03,2.499703E+03,3.243857E-01,2.475980E-01,7.535370E+02,2.785264E+02,3.908203E-02,2.757660E-02,3.748028E+03,1.777303E+03,1.942852E-01,1.760619E-01,7.771739E+02,3.010867E+02,4.030800E-02,2.981010E-02,7.495901E+02,2.799886E+02,3.887731E-02,2.772134E-02,2.274159E+03,8.114064E+02,1.179150E-01,8.035559E-02,7.366331E+02,2.706110E+02,3.820523E-02,2.679297E-02,4.032300E+03,1.543504E+03,2.090830E-01,1.528502E-01,3.603291E+03,1.295648E+03,1.868085E-01,1.283227E-01,4.139885E+03,1.632970E+03,2.146268E-01,1.617303E-01
15:10:00,6.250722E+03,2.541740E+03,3.240219E-01,2.517613E-01,7.525021E+02,2.834394E+02,3.902835E-02,2.806298E-02,3.746414E+03,1.787662E+03,1.942015E-01,1.770877E-01,7.761426E+02,3.059936E+02,4.025451E-02,3.029588E-02,7.485628E+02,2.847859E+02,3.882402E-02,2.819627E-02,2.271563E+03,8.228634E+02,1.177804E-01,8.149004E-02,7.356046E+02,2.754314E+02,3.815189E-02,2.727018E-02,4.026464E+03,1.564055E+03,2.087804E-01,1.548850E-01,3.598826E+03,1.312435E+03,1.865770E-01,1.299851E-01,4.135177E+03,1.645840E+03,2.143828E-01,1.630047E-01
15:20:00,6.243702E+03,2.581058E+03,3.236582E-01,2.556557E-01,7.514677E+02,2.880907E+02,3.897472E-02,2.852348E-02,3.744877E+03,1.796477E+03,1.941218E-01,1.779606E-01,7.751111E+02,3.106402E+02,4.020102E-02,3.075592E-02,7.475355E+02,2.893224E+02,3.877076E-02,2.864542E-02,2.268967E+03,8.334286E+02,1.176459E-01,8.253631E-02,7.345764E+02,2.799977E+02,3.809858E-02,2.772228E-02,4.020636E+03,1.582932E+03,2.084784E-01,1.567544E-01,3.594373E+03,1.327758E+03,1.863462E-01,1.315026E-01,4.130470E+03,1.657029E+03,2.141388E-01,1.641129E-01
15:30:00,6.236680E+03,2.617490E+03,3.232943E-01,2.592640E-01,7.504337E+02,2.924682E+02,3.892110E-02,2.895687E-02,3.743412E+03,1.803756E+03,1.940459E-01,1.786814E-01,7.740792E+02,3.150119E+02,4.014751E-02,3.118873E-02,7.465082E+02,2.935863E+02,3.871749E-02,2.906755E-02,2.266370E+03,8.430905E+02,1.175113E-01,8.349309E-02,7.335481E+02,2.842986E+02,3.804526E-02,2.814808E-02,4.014815E+03,1.600131E+03,2.081767E-01,1.584575E-01,3.589929E+03,1.341598E+03,1.861159E-01,1.328733E-01,4.125761E+03,1.666583E+03,2.138948E-01,1.650591E-01
15:40:00,6.229656E+03,2.650850E+03,3.229303E-01,2.625680E-01,7.494000E+02,2.965597E+02,3.886750E-02,2.936193E-02,3.742015E+03,1.809505E+03,1.939734E-01,1.792505E-01,7.730470E+02,3.190940E+02,4.009398E-02,3.159286E-02,7.454809E+02,2.975654E+02,3.866421E-02,2.946149E-02,2.263774E+03,8.518227E+02,1.173767E-01,8.435776E-02,7.325199E+02,2.883222E+02,3.799193E-02,2.854642E-02,4.009001E+03,1.615652E+03,2.078752E-01,1.599944E-01,3.585495E+03,1.353919E+03,1.858861E-01,1.340935E-01,4.121052E+03,1.674519E+03,2.136507E-01,1.658450E-01
15:50:00,6.222631E+03,2.680996E+03,3.225663E-01,2.655536E-01,7.483667E+02,3.003546E+02,3.881391E-02,2.973762E-02,3.740681E+03,1.813741E+03,1.939043E-01,1.796699E-01,7.720146E+02,3.228740E+02,4.004044E-02,3.196707E-02,7.444535E+02,3.012494E+02,3.861093E-02,2.982620E-02,2.261178E+03,8.596013E+02,1.172421E-01,8.512798E-02,7.314917E+02,2.920584E+02,3.793861E-02,2.891630E-02,4.003194E+03,1.629506E+03,2.075741E-01,1.613662E-01,3.581070E+03,1.364690E+03,1.856567E-01,1.351600E-01,4.116342E+03,1.680865E+03,2.134066E-01,1.664733E-01
16:00:00,6.215606E+03,2.707727E+03,3.222021E-01,2.682008E-01,7.473338E+02,3.038421E+02,3.876034E-02,3.008288E-02,3.739407E+03,1.816488E+03,1.938382E-01,1.799417E-01,7.709820E+02,3.263390E+02,3.998689E-02,3.231010E-02,7.434263E+02,3.046278E+02,3.855766E-02,3.016066E-02,2.258581E+03,8.664013E+02,1.171075E-01,8.580128E-02,7.304637E+02,2.954967E+02,3.788530E-02,2.925669E-02,3.997392E+03,1.641710E+03,2.072733E-01,1.625746E-01,3.576654E+03,1.373875E+03,1.854278E-01,1.360697E-01,4.111633E+03,1.685657E+03,2.131625E-01,1.669479E-01
16:10:00,6.195122E+03,2.744639E+03,3.211403E-01,2.718565E-01,7.443435E+02,3.089840E+02,3.860525E-02,3.059193E-02,3.738188E+03,1.818061E+03,1.937750E-01,1.800973E-01,7.679736E+02,3.314675E+02,3.983086E-02,3.281783E-02,7.404413E+02,3.096630E+02,3.840284E-02,3.065914E-02,2.251031E+03,8.773377E+02,1.167160E-01,8.688421E-02,7.274780E+02,3.005991E+02,3.773045E-02,2.976183E-02,3.980765E+03,1.663253E+03,2.064112E-01,1.647077E-01,3.564157E+03,1.389816E+03,1.847799E-01,1.376483E-01,4.097923E+03,1.698302E+03,2.124517E-01,1.682001E-01
16:20:00,6.174606E+03,2.778243E+03,3.200773E-01,2.751853E-01,7.413499E+02,3.138310E+02,3.845002E-02,3.107185E-02,3.737020E+03,1.818461E+03,1.937145E-01,1.801367E-01,7.649615E+02,3.362914E+02,3.967467E-02,3.329545E-02,7.374528E+02,3.144061E+02,3.824788E-02,3.112877E-02,2.243470E+03,8.874518E+02,1.163241E-01,8.788597E-02,7.244889E+02,3.054165E+02,3.757545E-02,3.023882E-02,3.964120E+03,1.683392E+03,2.055484E-01,1.667023E-01,3.551651E+03,1.404437E+03,1.841318E-01,1.390966E-01,4.084193E+03,1.709804E+03,2.117402E-01,1.693396E-01
16:30:00,6.154070E+03,2.808440E+03,3.190132E-01,2.781765E-01,7.383541E+02,3.183775E+02,3.829467E-02,3.152200E-02,3.735900E+03,1.817686E+03,1.936564E-01,1.800597E-01,7.619466E+02,3.408042E+02,3.951834E-02,3.374226E-02,7.344618E+02,3.188519E+02,3.809278E-02,3.156896E-02,2.235901E+03,8.967574E+02,1.159318E-01,8.880759E-02,7.214974E+02,3.099430E+02,3.742033E-02,3.068700E-02,3.947467E+03,1.702122E+03,2.046851E-01,1.685574E-01,3.539140E+03,1.417747E+03,1.834834E-01,1.404150E-01,4.070449E+03,1.720117E+03,2.110279E-01,1.703612E-01
16:40:00,6.133521E+03,2.835160E+03,3.179483E-01,2.808231E-01,7.353564E+02,3.226194E+02,3.813922E-02,3.194199E-02,3.734825E+03,1.815714E+03,1.936007E-01,1.798642E-01,7.589293E+02,3.450009E+02,3.936187E-02,3.415778E-02,7.314687E+02,3.229969E+02,3.793757E-02,3.197936E-02,2.228327E+03,9.053212E+02,1.155391E-01,8.965572E-02,7.185038E+02,3.141745E+02,3.726509E-02,3.110595E-02,3.930808E+03,1.719420E+03,2.038215E-01,1.702705E-01,3.526629E+03,1.429813E+03,1.828349E-01,1.416102E-01,4.056695E+03,1.729201E+03,2.103150E-01,1.712612E-01
16:50:00,6.112961E+03,2.858408E+03,3.168828E-01,2.831257E-01,7.323569E+02,3.265552E+02,3.798367E-02,3.233166E-02,3.733793E+03,1.812508E+03,1.935472E-01,1.795465E-01,7.559099E+02,3.488792E+02,3.920528E-02,3.454176E-02,7.284737E+02,3.268398E+02,3.778225E-02,3.235983E-02,2.220748E+03,9.132829E+02,1.151462E-01,9.044421E-02,7.155083E+02,3.181091E+02,3.710975E-02,3.149551E-02,3.914145E+03,1.735247E+03,2.029577E-01,1.718379E-01,3.514119E+03,1.440768E+03,1.821865E-01,1.426952E-01,4.042933E+03,1.737005E+03,2.096017E-01,1.720342E-01
17:00:00,6.092394E+03,2.878181E+03,3.158169E-01,2.850843E-01,7.293560E+02,3.301842E+02,3.782805E-02,3.269096E-02,3.732803E+03,1.808028E+03,1.934958E-01,1.791025E-01,7.528885E+02,3.524372E+02,3.904860E-02,3.489403E-02,7.254770E+02,3.303800E+02,3.762685E-02,3.271034E-02,2.213166E+03,9.207754E+02,1.147532E-01,9.118623E-02,7.125113E+02,3.217458E+02,3.695433E-02,3.185557E-02,3.897481E+03,1.749559E+03,2.020938E-01,1.732552E-01,3.501610E+03,1.450742E+03,1.815381E-01,1.436831E-01,4.029165E+03,1.743461E+03,2.088881E-01,1.726737E-01
17:10:00,6.073159E+03,2.893592E+03,3.148499E-01,2.865827E-01,7.264536E+02,3.334168E+02,3.767900E-02,3.300949E-02,3.498633E+03,1.582939E+03,1.788351E-01,1.551080E-01,7.499661E+02,3.555832E+02,3.889855E-02,3.520391E-02,7.225787E+02,3.335275E+02,3.747800E-02,3.302045E-02,2.205995E+03,9.276013E+02,1.143890E-01,9.185544E-02,7.096129E+02,3.249941E+02,3.680546E-02,3.217568E-02,3.881557E+03,1.761758E+03,2.012818E-01,1.744508E-01,3.489833E+03,1.459329E+03,1.809424E-01,1.445211E-01,4.016224E+03,1.747951E+03,2.082341E-01,1.731038E-01
17:20:00,6.052286E+03,2.906258E+03,3.138027E-01,2.878044E-01,7.234362E+02,3.364109E+02,3.752420E-02,3.330412E-02,3.314629E+03,1.399615E+03,1.663799E-01,1.343343E-01,7.469269E+02,3.584740E+02,3.874268E-02,3.548823E-02,7.195651E+02,3.364396E+02,3.732340E-02,3.330696E-02,2.198352E+03,9.343858E+02,1.140016E-01,9.251929E-02,7.065993E+02,3.280116E+02,3.665083E-02,3.247265E-02,3.865287E+03,1.773205E+03,2.004539E-01,1.755694E-01,3.477949E+03,1.468009E+03,1.803435E-01,1.453659E-01,4.002302E+03,1.751476E+03,2.075319E-01,1.734358E-01
17:30:00,6.031280E+03,2.914754E+03,3.127262E-01,2.886351E-01,7.203951E+02,3.391193E+02,3.736695E-02,3.357183E-02,3.146204E+03,1.224512E+03,1.546209E-01,1.142122E-01,7.438628E+02,3.610598E+02,3.858425E-02,3.574377E-02,7.165276E+02,3.390680E+02,3.716632E-02,3.356675E-02,2.190639E+03,9.408379E+02,1.136045E-01,9.315605E-02,7.035621E+02,3.307494E+02,3.649376E-02,3.274329E-02,3.850213E+03,1.783866E+03,1.996771E-01,1.766211E-01,3.467670E+03,1.476837E+03,1.798163E-01,1.462361E-01,3.988270E+03,1.753375E+03,2.068110E-01,1.736189E-01
17:40:00,6.010272E+03,2.919182E+03,3.116418E-01,2.890705E-01,7.173480E+02,3.415404E+02,3.720907E-02,3.381147E-02,2.987017E+03,1.053266E+03,1.432775E-01,9.440732E-02,7.407895E+02,3.633349E+02,3.842502E-02,3.596894E-02,7.134826E+02,3.414093E+02,3.700856E-02,3.379849E-02,2.182923E+03,9.469150E+02,1.132054E-01,9.375741E-02,7.005178E+02,3.332044E+02,3.633603E-02,3.298629E-02,3.836437E+03,1.793794E+03,1.989645E-01,1.776035E-01,3.459124E+03,1.486152E+03,1.793754E-01,1.471576E-01,3.974236E+03,1.753707E+03,2.060858E-01,1.736506E-01
17:50:00,5.989251E+03,2.919487E+03,3.105542E-01,2.891000E-01,7.142985E+02,3.436808E+02,3.705099E-02,3.402342E-02,2.836285E+03,8.874585E+02,1.323161E-01,7.504531E-02,7.377079E+02,3.653000E+02,3.826529E-02,3.616354E-02,7.104321E+02,3.434676E+02,3.685043E-02,3.400231E-02,2.175212E+03,9.524918E+02,1.128060E-01,9.430974E-02,6.974684E+02,3.353810E+02,3.617796E-02,3.320183E-02,3.823709E+03,1.802907E+03,1.983053E-01,1.785061E-01,3.451993E+03,1.498284E+03,1.790066E-01,1.483593E-01,3.960211E+03,1.752544E+03,2.053597E-01,1.735354E-01
18:00:00,5.968224E+03,2.915435E+03,3.094654E-01,2.886988E-01,7.112511E+02,3.455492E+02,3.689301E-02,3.420846E-02,2.691620E+03,7.268237E+02,1.216296E-01,5.611015E-02,7.346197E+02,3.669565E+02,3.810518E-02,3.632761E-02,7.073787E+02,3.452472E+02,3.669214E-02,3.417857E-02,2.167514E+03,9.574118E+02,1.124072E-01,9.479716E-02,6.944163E+02,3.372841E+02,3.601973E-02,3.339030E-02,3.811825E+03,1.811157E+03,1.976896E-01,1.793235E-01,3.446001E+03,1.513669E+03,1.786964E-01,1.498837E-01,3.946202E+03,1.749916E+03,2.046341E-01,1.732754E-01
18:10:00,5.948307E+03,2.905148E+03,3.084346E-01,2.876807E-01,7.083748E+02,3.469356E+02,3.674394E-02,3.434572E-02,2.608179E+03,6.593404E+02,1.162982E-01,5.074987E-02,7.316926E+02,3.680836E+02,3.795348E-02,3.643920E-02,7.044899E+02,3.465319E+02,3.654241E-02,3.430576E-02,2.160249E+03,9.609035E+02,1.120310E-01,9.514289E-02,6.915290E+02,3.386974E+02,3.587008E-02,3.353023E-02,3.801510E+03,1.817277E+03,1.971556E-01,1.799295E-01,3.441597E+03,1.530412E+03,1.784692E-01,1.515413E-01,3.932964E+03,1.744759E+03,2.039489E-01,1.727650E-01
18:20:00,5.928270E+03,2.889786E+03,3.073970E-01,2.861604E-01,7.054948E+02,3.480607E+02,3.659465E-02,3.445712E-02,2.525440E+03,5.878997E+02,1.107826E-01,4.458997E-02,7.287483E+02,3.688942E+02,3.780086E-02,3.651947E-02,7.015893E+02,3.475350E+02,3.639205E-02,3.440508E-02,2.152954E+03,9.633008E+02,1.116531E-01,9.538027E-02,6.886304E+02,3.398346E+02,3.571982E-02,3.364282E-02,3.791602E+03,1.822302E+03,1.966423E-01,1.804270E-01,3.437774E+03,1.547870E+03,1.782718E-01,1.532695E-01,3.919666E+03,1.738075E+03,2.032601E-01,1.721036E-01
18:30:00,5.908182E+03,2.869673E+03,3.063564E-01,2.841695E-01,7.026186E+02,3.489323E+02,3.644554E-02,3.454349E-02,2.443086E+03,5.135236E+02,1.052073E-01,3.813786E-02,7.257931E+02,3.693882E+02,3.764766E-02,3.656847E-02,6.986839E+02,3.482587E+02,3.624143E-02,3.447680E-02,2.145651E+03,9.644644E+02,1.112747E-01,9.549570E-02,6.857270E+02,3.406980E+02,3.556931E-02,3.372837E-02,3.781972E+03,1.826101E+03,1.961435E-01,1.808038E-01,3.434348E+03,1.564192E+03,1.780947E-01,1.548862E-01,3.906349E+03,1.730074E+03,2.025702E-01,1.713119E-01
18:40:00,5.888058E+03,2.843422E+03,3.053142E-01,2.815706E-01,6.997484E+02,3.495580E+02,3.629676E-02,3.460556E-02,2.361604E+03,4.366113E+02,9.962247E-02,3.148246E-02,7.228289E+02,3.695690E+02,3.749401E-02,3.658649E-02,6.957755E+02,3.487074E+02,3.609067E-02,3.452134E-02,2.138344E+03,9.639480E+02,1.108961E-01,9.544485E-02,6.828211E+02,3.412922E+02,3.541867E-02,3.378732E-02,3.772554E+03,1.828577E+03,1.956558E-01,1.810497E-01,3.431222E+03,1.577208E+03,1.779333E-01,1.561758E-01,3.893021E+03,1.720630E+03,2.018798E-01,1.703773E-01
18:50:00,5.867906E+03,2.811174E+03,3.042705E-01,2.783776E-01,6.968850E+02,3.499411E+02,3.614834E-02,3.464361E-02,2.280908E+03,3.550277E+02,9.402779E-02,2.446969E-02,7.198567E+02,3.694399E+02,3.733994E-02,3.657384E-02,6.928650E+02,3.488856E+02,3.593981E-02,3.453912E-02,2.131035E+03,9.615585E+02,1.105174E-01,9.520851E-02,6.799133E+02,3.416218E+02,3.526795E-02,3.382007E-02,3.763326E+03,1.829717E+03,1.951779E-01,1.811635E-01,3.428361E+03,1.583882E+03,1.777855E-01,1.568372E-01,3.879685E+03,1.709768E+03,2.011889E-01,1.693024E-01
19:00:00,5.847732E+03,2.772352E+03,3.032257E-01,2.745332E-01,6.940288E+02,3.500790E+02,3.600029E-02,3.465740E-02,2.201066E+03,2.682270E+02,8.843779E-02,1.707139E-02,7.168775E+02,3.690033E+02,3.718552E-02,3.653075E-02,6.899533E+02,3.487973E+02,3.578888E-02,3.453051E-02,2.123723E+03,9.569184E+02,1.101386E-01,9.474929E-02,6.770046E+02,3.416906E+02,3.511718E-02,3.382701E-02,3.754269E+03,1.829471E+03,1.947090E-01,1.811400E-01,3.425733E+03,1.582530E+03,1.776499E-01,1.567035E-01,3.866342E+03,1.697514E+03,2.004978E-01,1.680894E-01
19:10:00,5.836119E+03,2.720376E+03,3.025940E-01,2.694137E-01,6.925196E+02,3.487317E+02,3.592060E-02,3.452575E-02,2.298919E+03,3.077601E+02,9.233457E-02,1.958726E-02,7.152446E+02,3.670169E+02,3.709937E-02,3.633590E-02,6.883806E+02,3.472141E+02,3.570590E-02,3.437549E-02,2.119637E+03,9.471777E+02,1.099192E-01,9.379202E-02,6.754352E+02,3.402705E+02,3.503438E-02,3.368812E-02,3.752609E+03,1.821148E+03,1.946096E-01,1.803300E-01,3.428535E+03,1.569323E+03,1.777804E-01,1.554097E-01,3.858790E+03,1.678712E+03,2.000896E-01,1.662428E-01
19:20:00,5.826270E+03,2.665076E+03,3.020492E-01,2.639686E-01,6.911470E+02,3.471146E+02,3.584777E-02,3.436763E-02,2.350386E+03,3.084452E+02,9.439228E-02,1.963216E-02,7.137377E+02,3.647206E+02,3.701953E-02,3.611061E-02,6.869372E+02,3.453658E+02,3.562941E-02,3.419447E-02,2.116072E+03,9.356319E+02,1.097256E-01,9.265705E-02,6.739952E+02,3.385913E+02,3.495809E-02,3.352382E-02,3.751583E+03,1.811087E+03,1.945412E-01,1.793499E-01,3.431786E+03,1.550693E+03,1.779319E-01,1.535807E-01,3.852308E+03,1.658662E+03,1.997343E-01,1.642747E-01
19:30:00,5.816599E+03,2.609967E+03,3.015365E-01,2.585208E-01,6.898128E+02,3.452776E+02,3.577818E-02,3.418629E-02,2.389666E+03,3.031558E+02,9.596703E-02,1.929600E-02,7.122590E+02,3.621779E+02,3.694243E-02,3.585945E-02,6.855256E+02,3.433160E+02,3.555580E-02,3.399208E-02,2.112602E+03,9.231980E+02,1.095431E-01,9.142814E-02,6.725869E+02,3.367167E+02,3.488467E-02,3.333875E-02,3.749656E+03,1.799565E+03,1.944370E-01,1.782137E-01,3.433799E+03,1.529542E+03,1.780309E-01,1.514908E-01,3.845978E+03,1.638205E+03,1.994000E-01,1.622541E-01
19:40:00,5.806956E+03,2.557651E+03,3.010328E-01,2.533425E-01,6.884979E+02,3.432312E+02,3.570989E-02,3.398384E-02,2.421910E+03,2.959528E+02,9.726127E-02,1.883776E-02,7.107923E+02,3.594128E+02,3.686625E-02,3.558585E-02,6.841280E+02,3.410858E+02,3.548323E-02,3.377142E-02,2.109152E+03,9.105668E+02,1.093635E-01,9.017793E-02,6.711926E+02,3.346670E+02,3.481227E-02,3.313596E-02,3.746688E+03,1.786781E+03,1.942820E-01,1.769490E-01,3.434399E+03,1.508151E+03,1.780603E-01,1.493735E-01,3.839677E+03,1.617711E+03,1.990715E-01,1.602260E-01
19:50:00,5.797346E+03,2.508714E+03,3.005334E-01,2.484967E-01,6.871978E+02,3.409901E+02,3.564244E-02,3.376200E-02,2.447580E+03,2.874526E+02,9.829217E-02,1.829679E-02,7.093361E+02,3.564517E+02,3.679070E-02,3.529273E-02,6.827422E+02,3.386946E+02,3.541133E-02,3.353472E-02,2.105712E+03,8.980771E+02,1.091848E-01,8.894128E-02,6.698099E+02,3.324607E+02,3.474053E-02,3.291756E-02,3.742879E+03,1.772993E+03,1.940842E-01,1.755841E-01,3.433843E+03,1.487329E+03,1.780311E-01,1.473117E-01,3.833392E+03,1.597312E+03,1.987450E-01,1.582062E-01
20:00:00,5.787753E+03,2.464750E+03,3.000357E-01,2.441428E-01,6.859074E+02,3.385789E+02,3.557550E-02,3.352328E-02,2.468565E+03,2.785433E+02,9.913515E-02,1.772969E-02,7.078890E+02,3.533293E+02,3.671564E-02,3.498361E-02,6.813652E+02,3.361672E+02,3.533990E-02,3.328450E-02,2.102271E+03,8.863006E+02,1.090064E-01,8.777515E-02,6.684360E+02,3.301208E+02,3.466927E-02,3.268591E-02,3.738386E+03,1.758500E+03,1.938512E-01,1.741490E-01,3.432349E+03,1.468465E+03,1.779536E-01,1.454436E-01,3.827108E+03,1.577210E+03,1.984191E-01,1.562155E-01
20:10:00,5.787681E+03,2.415770E+03,3.000319E-01,2.392919E-01,6.860066E+02,3.346302E+02,3.558065E-02,3.313233E-02,2.485832E+03,2.693540E+02,9.982889E-02,1.714471E-02,7.078464E+02,3.486737E+02,3.671343E-02,3.452267E-02,6.813788E+02,3.321326E+02,3.534061E-02,3.288505E-02,2.102331E+03,8.718249E+02,1.090095E-01,8.634170E-02,6.684527E+02,3.262748E+02,3.467014E-02,3.230513E-02,3.741007E+03,1.735801E+03,1.939872E-01,1.719011E-01,3.435828E+03,1.445859E+03,1.781340E-01,1.432049E-01,3.827181E+03,1.551042E+03,1.984228E-01,1.536240E-01
20:20:00,5.787621E+03,2.370313E+03,3.000285E-01,2.347894E-01,6.861074E+02,3.305642E+02,3.558586E-02,3.272972E-02,2.500341E+03,2.598891E+02,1.004119E-01,1.654216E-02,7.078104E+02,3.439236E+02,3.671155E-02,3.405234E-02,6.813969E+02,3.280048E+02,3.534153E-02,3.247632E-02,2.102386E+03,8.580680E+02,1.090122E-01,8.497928E-02,6.684739E+02,3.223345E+02,3.467122E-02,3.191496E-02,3.743195E+03,1.712814E+03,1.941005E-01,1.696244E-01,3.438714E+03,1.424753E+03,1.782835E-01,1.411145E-01,3.827249E+03,1.525396E+03,1.984262E-01,1.510837E-01
20:30:00,5.787572E+03,2.326574E+03,3.000258E-01,2.304572E-01,6.862076E+02,3.264161E+02,3.559105E-02,3.231900E-02,2.512642E+03,2.499095E+02,1.009061E-01,1.590683E-02,7.077803E+02,3.391185E+02,3.670998E-02,3.357659E-02,6.814182E+02,3.238121E+02,3.534262E-02,3.206119E-02,2.102437E+03,8.446465E+02,1.090149E-01,8.365012E-02,6.684985E+02,3.183265E+02,3.467248E-02,3.151812E-02,3.745034E+03,1.689643E+03,1.941958E-01,1.673296E-01,3.441125E+03,1.404202E+03,1.784085E-01,1.390792E-01,3.827312E+03,1.500108E+03,1.984293E-01,1.485790E-01
20:40:00,5.787530E+03,2.283895E+03,3.000236E-01,2.262299E-01,6.863050E+02,3.222169E+02,3.559609E-02,3.190324E-02,2.523252E+03,2.394584E+02,1.013324E-01,1.524148E-02,7.077552E+02,3.342923E+02,3.670867E-02,3.309874E-02,6.814413E+02,3.195799E+02,3.534382E-02,3.164216E-02,2.102485E+03,8.314316E+02,1.090173E-01,8.234146E-02,6.685250E+02,3.142747E+02,3.467385E-02,3.111695E-02,3.746597E+03,1.666391E+03,1.942768E-01,1.650269E-01,3.443162E+03,1.383909E+03,1.785142E-01,1.370693E-01,3.827370E+03,1.475135E+03,1.984323E-01,1.461056E-01
20:50:00,5.787496E+03,2.242171E+03,3.000218E-01,2.220972E-01,6.863983E+02,3.179914E+02,3.560093E-02,3.148488E-02,2.532465E+03,2.286328E+02,1.017025E-01,1.455228E-02,7.077343E+02,3.294706E+02,3.670759E-02,3.262137E-02,6.814654E+02,3.153290E+02,3.534507E-02,3.122129E-02,2.102529E+03,8.184047E+02,1.090196E-01,8.105141E-02,6.685525E+02,3.101991E+02,3.467528E-02,3.071342E-02,3.747935E+03,1.643161E+03,1.943462E-01,1.627264E-01,3.444897E+03,1.363844E+03,1.786041E-01,1.350821E-01,3.827422E+03,1.450514E+03,1.984350E-01,1.436671E-01
21:00:00,5.787468E+03,2.201260E+03,3.000203E-01,2.180450E-01,6.864865E+02,3.137593E+02,3.560551E-02,3.106587E-02,2.540580E+03,2.175280E+02,1.020285E-01,1.384531E-02,7.077171E+02,3.246733E+02,3.670669E-02,3.214640E-02,6.814897E+02,3.110766E+02,3.534633E-02,3.080027E-02,2.102570E+03,8.055455E+02,1.090217E-01,7.977796E-02,6.685804E+02,3.061160E+02,3.467672E-02,3.030917E-02,3.749094E+03,1.620038E+03,1.944064E-01,1.604365E-01,3.446393E+03,1.343962E+03,1.786817E-01,1.331130E-01,3.827470E+03,1.426266E+03,1.984375E-01,1.412655E-01
21:10:00,5.809066E+03,2.139030E+03,3.011400E-01,2.118810E-01,6.897220E+02,3.063314E+02,3.577332E-02,3.033044E-02,2.547770E+03,2.061147E+02,1.023173E-01,1.311871E-02,7.108841E+02,3.166810E+02,3.687095E-02,3.135509E-02,6.846664E+02,3.036318E+02,3.551109E-02,3.006317E-02,2.110578E+03,7.847170E+02,1.094370E-01,7.771526E-02,6.717608E+02,2.988346E+02,3.484168E-02,2.958824E-02,3.767522E+03,1.579358E+03,1.953619E-01,1.564080E-01,3.460695E+03,1.310991E+03,1.794232E-01,1.298474E-01,3.841984E+03,1.387636E+03,1.991899E-01,1.374395E-01
21:20:00,5.830591E+03,2.077374E+03,3.022551E-01,2.057726E-01,6.929422E+02,2.989131E+02,3.594029E-02,2.959586E-02,2.554226E+03,1.944662E+02,1.025767E-01,1.237715E-02,7.140438E+02,3.087268E+02,3.703478E-02,3.056747E-02,6.878329E+02,2.961993E+02,3.567527E-02,2.932719E-02,2.118556E+03,7.639973E+02,1.098504E-01,7.566294E-02,6.749311E+02,2.915595E+02,3.500605E-02,2.886783E-02,3.785777E+03,1.538834E+03,1.963081E-01,1.523941E-01,3.474801E+03,1.278114E+03,1.801542E-01,1.265905E-01,3.856441E+03,1.349313E+03,1.999391E-01,1.336430E-01
21:30:00,5.852077E+03,2.016272E+03,3.033686E-01,1.997194E-01,6.961511E+02,2.915104E+02,3.610671E-02,2.886288E-02,2.560046E+03,1.826338E+02,1.028104E-01,1.162388E-02,7.171997E+02,3.008150E+02,3.719845E-02,2.978408E-02,6.909929E+02,2.887846E+02,3.583916E-02,2.859301E-02,2.126514E+03,7.433843E+02,1.102630E-01,7.362135E-02,6.780948E+02,2.842962E+02,3.517013E-02,2.814865E-02,3.803903E+03,1.498482E+03,1.972479E-01,1.483975E-01,3.488756E+03,1.245332E+03,1.808776E-01,1.233433E-01,3.870865E+03,1.311295E+03,2.006867E-01,1.298771E-01
21:40:00,5.873534E+03,1.955717E+03,3.044810E-01,1.937208E-01,6.993493E+02,2.841290E+02,3.627260E-02,2.813204E-02,2.565335E+03,1.706780E+02,1.030229E-01,1.086279E-02,7.203520E+02,2.929495E+02,3.736196E-02,2.900532E-02,6.941466E+02,2.813929E+02,3.600274E-02,2.786116E-02,2.134458E+03,7.228800E+02,1.106749E-01,7.159064E-02,6.812524E+02,2.770505E+02,3.533391E-02,2.743124E-02,3.821922E+03,1.458325E+03,1.981823E-01,1.444206E-01,3.502588E+03,1.212657E+03,1.815948E-01,1.201068E-01,3.885263E+03,1.273584E+03,2.014332E-01,1.261419E-01
21:50:00,5.894969E+03,1.895718E+03,3.055923E-01,1.877776E-01,7.025374E+02,2.767725E+02,3.643798E-02,2.740369E-02,2.570161E+03,1.586448E+02,1.032168E-01,1.009678E-02,7.235007E+02,2.851321E+02,3.752530E-02,2.823135E-02,6.972944E+02,2.740280E+02,3.616602E-02,2.713196E-02,2.142388E+03,7.024885E+02,1.110862E-01,6.957116E-02,6.844042E+02,2.698261E+02,3.549740E-02,2.671597E-02,3.839852E+03,1.418378E+03,1.991121E-01,1.404646E-01,3.516316E+03,1.180104E+03,1.823067E-01,1.168826E-01,3.899640E+03,1.236183E+03,2.021787E-01,1.224374E-01
22:00:00,5.916387E+03,1.836286E+03,3.067028E-01,1.818905E-01,7.057162E+02,2.694443E+02,3.660288E-02,2.667814E-02,2.574595E+03,1.465815E+02,1.033949E-01,9.328873E-03,7.266462E+02,2.773646E+02,3.768847E-02,2.746230E-02,7.004368E+02,2.666930E+02,3.632903E-02,2.640575E-02,2.150308E+03,6.822148E+02,1.114969E-01,6.756337E-02,6.875506E+02,2.626267E+02,3.566062E-02,2.600317E-02,3.857707E+03,1.378655E+03,2.000381E-01,1.365308E-01,3.529959E+03,1.147689E+03,1.830141E-01,1.136721E-01,3.914000E+03,1.199091E+03,2.029233E-01,1.187636E-01
22:10:00,5.941963E+03,1.773725E+03,3.080289E-01,1.756936E-01,7.094892E+02,2.615940E+02,3.679859E-02,2.590090E-02,2.578681E+03,1.346272E+02,1.035590E-01,8.567918E-03,7.303968E+02,2.690897E+02,3.788303E-02,2.664303E-02,7.041768E+02,2.588377E+02,3.652304E-02,2.562801E-02,2.159748E+03,6.606951E+02,1.119864E-01,6.543218E-02,6.912944E+02,2.549023E+02,3.585483E-02,2.523839E-02,3.878846E+03,1.336120E+03,2.011345E-01,1.323185E-01,3.546031E+03,1.113191E+03,1.838475E-01,1.102553E-01,3.931130E+03,1.159827E+03,2.038116E-01,1.148747E-01
22:20:00,5.967608E+03,1.711916E+03,3.093584E-01,1.695707E-01,7.132640E+02,2.537847E+02,3.699440E-02,2.512770E-02,2.582473E+03,1.228193E+02,1.037113E-01,7.816311E-03,7.341543E+02,2.608742E+02,3.807794E-02,2.582962E-02,7.079217E+02,2.510252E+02,3.671729E-02,2.485449E-02,2.169208E+03,6.393548E+02,1.124770E-01,6.331868E-02,6.950432E+02,2.472163E+02,3.604928E-02,2.447739E-02,3.899990E+03,1.293890E+03,2.022310E-01,1.281363E-01,3.562086E+03,1.078948E+03,1.846800E-01,1.068636E-01,3.948301E+03,1.120974E+03,2.047019E-01,1.110263E-01
22:30:00,5.993291E+03,1.650886E+03,3.106897E-01,1.635250E-01,7.170382E+02,2.460200E+02,3.719016E-02,2.435890E-02,2.586001E+03,1.111902E+02,1.038530E-01,7.076097E-03,7.379159E+02,2.527205E+02,3.827304E-02,2.502230E-02,7.116688E+02,2.432591E+02,3.691165E-02,2.408554E-02,2.178680E+03,6.182056E+02,1.129681E-01,6.122405E-02,6.987940E+02,2.395726E+02,3.624382E-02,2.372057E-02,3.921120E+03,1.251986E+03,2.033267E-01,1.239863E-01,3.578113E+03,1.044986E+03,1.855109E-01,1.034996E-01,3.965497E+03,1.082544E+03,2.055934E-01,1.072198E-01
22:40:00,6.018999E+03,1.590653E+03,3.120224E-01,1.575582E-01,7.208118E+02,2.383028E+02,3.738588E-02,2.359479E-02,2.589297E+03,9.977698E+01,1.039854E-01,6.349648E-03,7.416811E+02,2.446302E+02,3.846832E-02,2.422125E-02,7.154178E+02,2.355422E+02,3.710609E-02,2.332147E-02,2.188160E+03,5.972561E+02,1.134597E-01,5.914919E-02,7.025464E+02,2.319743E+02,3.643845E-02,2.296823E-02,3.942236E+03,1.210422E+03,2.044216E-01,1.198699E-01,3.594113E+03,1.011325E+03,1.863404E-01,1.001655E-01,3.982709E+03,1.044544E+03,2.064857E-01,1.034558E-01
22:50:00,6.044728E+03,1.531228E+03,3.133560E-01,1.516713E-01,7.245847E+02,2.306353E+02,3.758156E-02,2.283560E-02,2.592364E+03,8.861274E+01,1.041086E-01,5.639069E-03,7.454496E+02,2.366043E+02,3.866378E-02,2.342658E-02,7.191685E+02,2.278767E+02,3.730062E-02,2.256247E-02,2.197647E+03,5.765131E+02,1.139516E-01,5.709477E-02,7.063004E+02,2.244237E+02,3.663314E-02,2.222061E-02,3.963332E+03,1.169207E+03,2.055155E-01,1.157881E-01,3.610081E+03,9.779784E+02,1.871682E-01,9.686244E-02,3.999933E+03,1.006979E+03,2.073786E-01,9.973488E-02
23:00:00,6.070472E+03,1.472623E+03,3.146904E-01,1.458658E-01,7.283571E+02,2.230202E+02,3.777722E-02,2.208160E-02,2.595232E+03,7.773584E+01,1.042238E-01,4.946799E-03,7.492212E+02,2.286447E+02,3.885939E-02,2.263848E-02,7.229207E+02,2.202652E+02,3.749523E-02,2.180883E-02,2.207139E+03,5.559840E+02,1.144437E-01,5.506153E-02,7.100556E+02,2.169237E+02,3.682791E-02,2.147800E-02,3.984411E+03,1.128353E+03,2.066084E-01,1.117420E-01,3.626021E+03,9.449627E+02,1.879946E-01,9.359216E-02,4.017168E+03,9.698555E+02,2.082721E-01,9.605767E-02
23:10:00,6.089920E+03,1.420936E+03,3.156985E-01,1.407455E-01,7.312107E+02,2.163631E+02,3.792521E-02,2.142245E-02,2.597920E+03,6.707961E+01,1.043318E-01,4.268597E-03,7.520688E+02,2.216643E+02,3.900708E-02,2.194732E-02,7.257560E+02,2.136133E+02,3.764228E-02,2.115020E-02,2.214312E+03,5.379271E+02,1.148156E-01,5.327314E-02,7.128936E+02,2.103799E+02,3.697510E-02,2.083007E-02,4.000395E+03,1.092841E+03,2.074372E-01,1.082250E-01,3.638144E+03,9.159635E+02,1.886230E-01,9.071973E-02,4.030190E+03,9.372595E+02,2.089472E-01,9.282891E-02
23:20:00,6.109377E+03,1.369863E+03,3.167072E-01,1.356864E-01,7.340638E+02,2.097482E+02,3.807320E-02,2.076751E-02,2.600449E+03,5.669012E+01,1.044333E-01,3.607394E-03,7.549188E+02,2.147382E+02,3.915491E-02,2.126157E-02,7.285924E+02,2.070051E+02,3.778940E-02,2.049592E-02,2.221488E+03,5.200246E+02,1.151877E-01,5.150015E-02,7.157326E+02,2.038766E+02,3.712235E-02,2.018618E-02,4.016363E+03,1.057603E+03,2.082653E-01,1.047352E-01,3.650243E+03,8.871994E+02,1.892504E-01,8.787076E-02,4.043219E+03,9.049754E+02,2.096227E-01,8.963127E-02
23:30:00,6.128841E+03,1.319402E+03,3.177161E-01,1.306876E-01,7.369164E+02,2.031769E+02,3.822116E-02,2.011687E-02,2.602831E+03,4.662430E+01,1.045290E-01,2.966812E-03,7.577708E+02,2.078672E+02,3.930283E-02,2.058126E-02,7.314297E+02,2.004419E+02,3.793656E-02,1.984608E-02,2.228666E+03,5.022787E+02,1.155599E-01,4.974262E-02,7.185722E+02,1.974153E+02,3.726964E-02,1.954643E-02,4.032317E+03,1.022641E+03,2.090926E-01,1.012727E-01,3.662320E+03,8.586746E+02,1.898765E-01,8.504542E-02,4.056251E+03,8.730026E+02,2.102983E-01,8.646436E-02
23:40:00,6.148310E+03,1.269547E+03,3.187253E-01,1.257489E-01,7.397685E+02,1.966509E+02,3.836909E-02,1.947071E-02,2.605081E+03,3.697240E+01,1.046194E-01,2.352593E-03,7.606246E+02,2.010520E+02,3.945085E-02,1.990646E-02,7.342679E+02,1.939251E+02,3.808377E-02,1.920083E-02,2.235847E+03,4.846914E+02,1.159322E-01,4.800075E-02,7.214125E+02,1.909975E+02,3.741695E-02,1.891097E-02,4.048258E+03,9.879580E+02,2.099192E-01,9.783786E-02,3.674378E+03,8.303929E+02,1.905016E-01,8.224409E-02,4.069287E+03,8.413400E+02,2.109742E-01,8.332811E-02
23:50:00,6.167784E+03,1.220286E+03,3.197348E-01,1.208689E-01,7.426202E+02,1.901705E+02,3.851699E-02,1.882906E-02,2.607225E+03,2.775580E+01,1.047055E-01,1.766099E-03,7.634800E+02,1.942926E+02,3.959894E-02,1.923718E-02,7.371067E+02,1.874551E+02,3.823100E-02,1.856020E-02,2.243029E+03,4.672620E+02,1.163046E-01,4.627451E-02,7.242533E+02,1.846238E+02,3.756429E-02,1.827988E-02,4.064190E+03,9.535519E+02,2.107453E-01,9.443036E-02,3.686422E+03,8.023528E+02,1.911261E-01,7.946665E-02,4.082326E+03,8.099829E+02,2.116501E-01,8.022207E-02
24:00:00,6.187262E+03,1.171609E+03,3.207444E-01,1.160468E-01,7.454715E+02,1.837365E+02,3.866487E-02,1.819199E-02,2.609270E+03,1.923516E+01,1.047876E-01,1.223912E-03,7.663367E+02,1.875889E+02,3.974710E-02,1.857343E-02,7.399462E+02,1.810324E+02,3.837827E-02,1.792426E-02,2.250212E+03,4.499902E+02,1.166770E-01,4.456386E-02,7.270945E+02,1.782947E+02,3.771165E-02,1.765321E-02,4.080114E+03,9.194204E+02,2.115709E-01,9.105002E-02,3.698454E+03,7.745524E+02,1.917498E-01,7.671294E-02,4.095367E+03,7.789269E+02,2.123262E-01,7.714585E-02
Peak,6.258257E+03,2.919487E+03,3.244252E-01,2.891000E-01,7.560212E+02,3.500790E+02,3.921210E-02,3.465740E-02,4.225145E+03,1.818461E+03,2.179054E-01,1.801367E-01,7.771739E+02,3.695690E+02,4.030800E-02,3.658649E-02,7.503573E+02,3.488856E+02,3.891831E-02,3.453912E-02,2.276532E+03,9.644644E+02,1.180419E-01,9.549570E-02,7.375248E+02,3.416906E+02,3.825267E-02,3.382701E-02,4.140729E+03,1.829717E+03,2.147145E-01,1.811635E-01,3.745763E+03,1.583882E+03,1.942029E-01,1.568372E-01,4.143065E+03,1.753707E+03,2.147994E-01,1.736506E-01

Peak Vol Flow (m3/s),,,2.754064E-01,2.454187E-01,,,3.328738E-02,2.942087E-02,,,1.849811E-01,1.529191E-01,,,3.421769E-02,3.105848E-02,,,3.303798E-02,2.932046E-02,,,1.002064E-01,8.106686E-02,,,3.247292E-02,2.871594E-02,,,1.822724E-01,1.537908E-01,,,1.648600E-01,1.331400E-01,,,1.823444E-01,1.474130E-01
