{
  "ResizeExistingWindowsToMatchAGivenWWR": {
    "wwr": 0.1,
    "check_wall": true,
    "check_outdoors": true,
    "check_sunexposed": true,
    "applicable": true
  },
  "AddOverhangsByProjectionFactorCustom": {
    "projection_factor": 0.1,
    "facade": "All",
    "remove_ext_space_shading": false,
    "applicable": true
  },
  "OpenStudioResults": {
    "units": "SI",
    "building_summary_section": true,
    "annual_overview_section": true,
    "monthly_overview_section": true,
    "utility_bills_rates_section": true,
    "envelope_section_section": true,
    "space_type_breakdown_section": true,
    "space_type_details_section": true,
    "interior_lighting_section": true,
    "plug_loads_section": true,
    "exterior_light_section": true,
    "water_use_section": true,
    "hvac_load_profile": true,
    "zone_condition_section": true,
    "zone_summary_section": true,
    "zone_equipment_detail_section": true,
    "air_loops_detail_section": true,
    "plant_loops_detail_section": true,
    "outdoor_air_section": true,
    "cost_summary_section": true,
    "source_energy_section": true,
    "schedules_overview_section": true,
    "measure_warning_section": true,
    "reg_monthly_details": false,
    "standards_gem_version": "0.2.10",
    "workflow_gem_version": "1.3.4",
    "building_name": "n/a",
    "total_site_energy": 68138.88888888889,
    "net_site_energy": 68138.88888888889,
    "total_building_area": 187.55,
    "total_site_eui": 363.31052460084715,
    "eui": 363.31052460084715,
    "unmet_hours_during_heating": 0.0,
    "unmet_hours_during_cooling": 0.0,
    "unmet_hours_during_occupied_heating": 0.0,
    "unmet_hours_during_occupied_cooling": 0.0,
    "unmet_hours_tolerance_heating": 0.2,
    "unmet_hours_tolerance_cooling": 0.2,
    "end_use_heating": 45705.555555555555,
    "end_use_cooling": 11913.888888888889,
    "end_use_interior_lighting": 5841.666666666667,
    "end_use_exterior_lighting": 0.0,
    "end_use_interior_equipment": 4677.777777777778,
    "end_use_exterior_equipment": 0.0,
    "end_use_fans": 0.0,
    "end_use_pumps": 0.0,
    "end_use_heat_rejection": 0.0,
    "end_use_humidification": 0.0,
    "end_use_heat_recovery": 0.0,
    "end_use_water_systems": 0.0,
    "end_use_refrigeration": 0.0,
    "end_use_generators": 0.0,
    "fuel_electricity": 35893.83434626532,
    "fuel_natural_gas": 0.0,
    "fuel_additional_fuel": 0.0,
    "fuel_district_cooling": 40651.87629023818,
    "fuel_district_heating": 155953.82897635322,
    "end_use_electricity_heating": 0.0,
    "end_use_electricity_cooling": 0.0,
    "end_use_electricity_interior_lighting": 5841.666666666667,
    "end_use_electricity_exterior_lighting": 0.0,
    "end_use_electricity_interior_equipment": 4677.777777777778,
    "end_use_electricity_exterior_equipment": 0.0,
    "end_use_electricity_fans": 0.0,
    "end_use_electricity_pumps": 0.0,
    "end_use_electricity_heat_rejection": 0.0,
    "end_use_electricity_humidification": 0.0,
    "end_use_electricity_heat_recovery": 0.0,
    "end_use_electricity_water_systems": 0.0,
    "end_use_electricity_refrigeration": 0.0,
    "end_use_electricity_generators": 0.0,
    "end_use_natural_gas_heating": 0.0,
    "end_use_natural_gas_cooling": 0.0,
    "end_use_natural_gas_interior_lighting": 0.0,
    "end_use_natural_gas_exterior_lighting": 0.0,
    "end_use_natural_gas_interior_equipment": 0.0,
    "end_use_natural_gas_exterior_equipment": 0.0,
    "end_use_natural_gas_fans": 0.0,
    "end_use_natural_gas_pumps": 0.0,
    "end_use_natural_gas_heat_rejection": 0.0,
    "end_use_natural_gas_humidification": 0.0,
    "end_use_natural_gas_heat_recovery": 0.0,
    "end_use_natural_gas_water_systems": 0.0,
    "end_use_natural_gas_refrigeration": 0.0,
    "end_use_natural_gas_generators": 0.0,
    "electricity_heating_ip": 0.0,
    "electricity_cooling_ip": 0.0,
    "electricity_interior_lighting_ip": 5841.669444444444,
    "electricity_exterior_lighting_ip": 0.0,
    "electricity_interior_equipment_ip": 4678.269444444444,
    "electricity_exterior_equipment_ip": 0.0,
    "electricity_fans_ip": 0.0,
    "electricity_pumps_ip": 0.0,
    "electricity_heat_rejection_ip": 0.0,
    "electricity_humidification_ip": 0.0,
    "electricity_heat_recovery_ip": 0.0,
    "electricity_water_systems_ip": 0.0,
    "electricity_refrigeration_ip": 0.0,
    "electricity_generators_ip": 0.0,
    "electricity_ip": 10519.938888888888,
    "natural_gas_heating_ip": 0.0,
    "natural_gas_cooling_ip": 0.0,
    "natural_gas_interior_lighting_ip": 0.0,
    "natural_gas_exterior_lighting_ip": 0.0,
    "natural_gas_interior_equipment_ip": 0.0,
    "natural_gas_exterior_equipment_ip": 0.0,
    "natural_gas_fans_ip": 0.0,
    "natural_gas_pumps_ip": 0.0,
    "natural_gas_heat_rejection_ip": 0.0,
    "natural_gas_humidification_ip": 0.0,
    "natural_gas_heat_recovery_ip": 0.0,
    "natural_gas_water_systems_ip": 0.0,
    "natural_gas_refrigeration_ip": 0.0,
    "natural_gas_generators_ip": 0.0,
    "natural_gas_ip": 0.0,
    "additional_fuel_heating_ip": 0.0,
    "additional_fuel_cooling_ip": 0.0,
    "additional_fuel_interior_lighting_ip": 0.0,
    "additional_fuel_exterior_lighting_ip": 0.0,
    "additional_fuel_interior_equipment_ip": 0.0,
    "additional_fuel_exterior_equipment_ip": 0.0,
    "additional_fuel_fans_ip": 0.0,
    "additional_fuel_pumps_ip": 0.0,
    "additional_fuel_heat_rejection_ip": 0.0,
    "additional_fuel_humidification_ip": 0.0,
    "additional_fuel_heat_recovery_ip": 0.0,
    "additional_fuel_water_systems_ip": 0.0,
    "additional_fuel_refrigeration_ip": 0.0,
    "additional_fuel_generators_ip": 0.0,
    "additional_fuel_ip": 0.0,
    "district_cooling_heating_ip": 0.0,
    "district_cooling_cooling_ip": 11913.694597336113,
    "district_cooling_interior_lighting_ip": 0.0,
    "district_cooling_exterior_lighting_ip": 0.0,
    "district_cooling_interior_equipment_ip": 0.0,
    "district_cooling_exterior_equipment_ip": 0.0,
    "district_cooling_fans_ip": 0.0,
    "district_cooling_pumps_ip": 0.0,
    "district_cooling_heat_rejection_ip": 0.0,
    "district_cooling_humidification_ip": 0.0,
    "district_cooling_heat_recovery_ip": 0.0,
    "district_cooling_water_systems_ip": 0.0,
    "district_cooling_refrigeration_ip": 0.0,
    "district_cooling_generators_ip": 0.0,
    "district_cooling_ip": 11913.694597336113,
    "district_heating_heating_ip": 45704.6993455,
    "district_heating_cooling_ip": 0.0,
    "district_heating_interior_lighting_ip": 0.0,
    "district_heating_exterior_lighting_ip": 0.0,
    "district_heating_interior_equipment_ip": 0.0,
    "district_heating_exterior_equipment_ip": 0.0,
    "district_heating_fans_ip": 0.0,
    "district_heating_pumps_ip": 0.0,
    "district_heating_heat_rejection_ip": 0.0,
    "district_heating_humidification_ip": 0.0,
    "district_heating_heat_recovery_ip": 0.0,
    "district_heating_water_systems_ip": 0.0,
    "district_heating_refrigeration_ip": 0.0,
    "district_heating_generators_ip": 0.0,
    "district_heating_ip": 45704.6993455,
    "water_heating_ip": 0.0,
    "water_cooling_ip": 0.0,
    "water_interior_lighting_ip": 0.0,
    "water_exterior_lighting_ip": 0.0,
    "water_interior_equipment_ip": 0.0,
    "water_exterior_equipment_ip": 0.0,
    "water_fans_ip": 0.0,
    "water_pumps_ip": 0.0,
    "water_heat_rejection_ip": 0.0,
    "water_humidification_ip": 0.0,
    "water_heat_recovery_ip": 0.0,
    "water_water_systems_ip": 0.0,
    "water_refrigeration_ip": 0.0,
    "water_generators_ip": 0.0,
    "water_ip": 0.0,
    "fuel_oil_1_heating_ip": 0.0,
    "fuel_oil_1_cooling_ip": 0.0,
    "fuel_oil_1_interior_lighting_ip": 0.0,
    "fuel_oil_1_exterior_lighting_ip": 0.0,
    "fuel_oil_1_interior_equipment_ip": 0.0,
    "fuel_oil_1_exterior_equipment_ip": 0.0,
    "fuel_oil_1_fans_ip": 0.0,
    "fuel_oil_1_pumps_ip": 0.0,
    "fuel_oil_1_heat_rejection_ip": 0.0,
    "fuel_oil_1_humidification_ip": 0.0,
    "fuel_oil_1_heat_recovery_ip": 0.0,
    "fuel_oil_1_water_systems_ip": 0.0,
    "fuel_oil_1_refrigeration_ip": 0.0,
    "fuel_oil_1_generators_ip": 0.0,
    "fuel_oil_1_ip": 0.0,
    "fuel_oil_2_heating_ip": 0.0,
    "fuel_oil_2_cooling_ip": 0.0,
    "fuel_oil_2_interior_lighting_ip": 0.0,
    "fuel_oil_2_exterior_lighting_ip": 0.0,
    "fuel_oil_2_interior_equipment_ip": 0.0,
    "fuel_oil_2_exterior_equipment_ip": 0.0,
    "fuel_oil_2_fans_ip": 0.0,
    "fuel_oil_2_pumps_ip": 0.0,
    "fuel_oil_2_heat_rejection_ip": 0.0,
    "fuel_oil_2_humidification_ip": 0.0,
    "fuel_oil_2_heat_recovery_ip": 0.0,
    "fuel_oil_2_water_systems_ip": 0.0,
    "fuel_oil_2_refrigeration_ip": 0.0,
    "fuel_oil_2_generators_ip": 0.0,
    "fuel_oil_2_ip": 0.0,
    "propane_gas_heating_ip": 0.0,
    "propane_gas_cooling_ip": 0.0,
    "propane_gas_interior_lighting_ip": 0.0,
    "propane_gas_exterior_lighting_ip": 0.0,
    "propane_gas_interior_equipment_ip": 0.0,
    "propane_gas_exterior_equipment_ip": 0.0,
    "propane_gas_fans_ip": 0.0,
    "propane_gas_pumps_ip": 0.0,
    "propane_gas_heat_rejection_ip": 0.0,
    "propane_gas_humidification_ip": 0.0,
    "propane_gas_heat_recovery_ip": 0.0,
    "propane_gas_water_systems_ip": 0.0,
    "propane_gas_refrigeration_ip": 0.0,
    "propane_gas_generators_ip": 0.0,
    "propane_gas_ip": 0.0,
    "coal_heating_ip": 0.0,
    "coal_cooling_ip": 0.0,
    "coal_interior_lighting_ip": 0.0,
    "coal_exterior_lighting_ip": 0.0,
    "coal_interior_equipment_ip": 0.0,
    "coal_exterior_equipment_ip": 0.0,
    "coal_fans_ip": 0.0,
    "coal_pumps_ip": 0.0,
    "coal_heat_rejection_ip": 0.0,
    "coal_humidification_ip": 0.0,
    "coal_heat_recovery_ip": 0.0,
    "coal_water_systems_ip": 0.0,
    "coal_refrigeration_ip": 0.0,
    "coal_generators_ip": 0.0,
    "coal_ip": 0.0,
    "diesel_heating_ip": 0.0,
    "diesel_cooling_ip": 0.0,
    "diesel_interior_lighting_ip": 0.0,
    "diesel_exterior_lighting_ip": 0.0,
    "diesel_interior_equipment_ip": 0.0,
    "diesel_exterior_equipment_ip": 0.0,
    "diesel_fans_ip": 0.0,
    "diesel_pumps_ip": 0.0,
    "diesel_heat_rejection_ip": 0.0,
    "diesel_humidification_ip": 0.0,
    "diesel_heat_recovery_ip": 0.0,
    "diesel_water_systems_ip": 0.0,
    "diesel_refrigeration_ip": 0.0,
    "diesel_generators_ip": 0.0,
    "diesel_ip": 0.0,
    "gasoline_heating_ip": 0.0,
    "gasoline_cooling_ip": 0.0,
    "gasoline_interior_lighting_ip": 0.0,
    "gasoline_exterior_lighting_ip": 0.0,
    "gasoline_interior_equipment_ip": 0.0,
    "gasoline_exterior_equipment_ip": 0.0,
    "gasoline_fans_ip": 0.0,
    "gasoline_pumps_ip": 0.0,
    "gasoline_heat_rejection_ip": 0.0,
    "gasoline_humidification_ip": 0.0,
    "gasoline_heat_recovery_ip": 0.0,
    "gasoline_water_systems_ip": 0.0,
    "gasoline_refrigeration_ip": 0.0,
    "gasoline_generators_ip": 0.0,
    "gasoline_ip": 0.0,
    "other_fuel_1_heating_ip": 0.0,
    "other_fuel_1_cooling_ip": 0.0,
    "other_fuel_1_interior_lighting_ip": 0.0,
    "other_fuel_1_exterior_lighting_ip": 0.0,
    "other_fuel_1_interior_equipment_ip": 0.0,
    "other_fuel_1_exterior_equipment_ip": 0.0,
    "other_fuel_1_fans_ip": 0.0,
    "other_fuel_1_pumps_ip": 0.0,
    "other_fuel_1_heat_rejection_ip": 0.0,
    "other_fuel_1_humidification_ip": 0.0,
    "other_fuel_1_heat_recovery_ip": 0.0,
    "other_fuel_1_water_systems_ip": 0.0,
    "other_fuel_1_refrigeration_ip": 0.0,
    "other_fuel_1_generators_ip": 0.0,
    "other_fuel_1_ip": 0.0,
    "other_fuel_2_heating_ip": 0.0,
    "other_fuel_2_cooling_ip": 0.0,
    "other_fuel_2_interior_lighting_ip": 0.0,
    "other_fuel_2_exterior_lighting_ip": 0.0,
    "other_fuel_2_interior_equipment_ip": 0.0,
    "other_fuel_2_exterior_equipment_ip": 0.0,
    "other_fuel_2_fans_ip": 0.0,
    "other_fuel_2_pumps_ip": 0.0,
    "other_fuel_2_heat_rejection_ip": 0.0,
    "other_fuel_2_humidification_ip": 0.0,
    "other_fuel_2_heat_recovery_ip": 0.0,
    "other_fuel_2_water_systems_ip": 0.0,
    "other_fuel_2_refrigeration_ip": 0.0,
    "other_fuel_2_generators_ip": 0.0,
    "other_fuel_2_ip": 0.0,
    "ashrae_189_1_2009_ext_roof_iead_climate_zone_2_5": 231.36639999999997,
    "ashrae_189_1_2009_ext_wall_steel_frame_climate_zone_4_8": 215.58186000000003,
    "ext_slab_carpet_4_in_climate_zone_1_8": 231.36639999999997,
    "ashrae_189_1_2009_ext_window_climate_zone_alt_res_4_5": 22.263646225386793,
    "exterior_door": 1.689893774613136,
    "gross_window_wall_ratio": 12.56,
    "gross_window_wall_ratio_conditioned": 12.56,
    "skylight_roof_ratio": 0.0,
    "space_type_189_1_2009_midrise_apartment_apartment_cz_4_8": 163.19140000000002,
    "space_type_189_1_2009_midrise_apartment_corridor_cz_4_8": 43.815,
    "space_type_189_1_2009_midrise_apartment_office_cz_4_8": 24.359999999999996,
    "zone_max_hours_over_70_rh": 297.0,
    "zone_max_hours_over_55_rh": 1637.0,
    "num_zones_x_hours_over_70": 10,
    "num_zones_x_hours_over_55": 10,
    "inflation_approach": "Constant Dollar",
    "analysis_length": 25,
    "number_of_measures_with_warnings": 0,
    "number_warnings": 0,
    "annual_peak_electric_demand": 2.42477,
    "first_year_capital_cost": 0.0,
    "annual_utility_cost": 0.0,
    "total_lifecycle_cost": 0.0,
    "applicable": true
  }
}